Name;LocKey;Entity;Icon;Categories
Feast table;pm_prop_feast_table;decoration_set_rich_table_e;icons\photomode\decoration_set_rich_table_e_64x64.png;Furniture
Gambling table;pm_prop_gambling_table;sit_2_mw_playing_dice_table_ap;icons\photomode\sit_2_mw_playing_dice_table_ap_64x64.png;Furniture
Table;pm_prop_table;q206_dining_table_bench_four;icons\photomode\q206_dining_table_bench_four_64x64.png;Furniture
Feast table 2;pm_prop_feast_table_2;decoration_set_rich_table_b;icons\photomode\decoration_set_rich_table_b_64x64.png;Furniture
Wooden Bath;pm_prop_wooden_bath;wooden_bath_px;icons\photomode\wooden_bath_px_64x64.png;Furniture
Bench;pm_prop_bench;q604_bench;icons\photomode\q604_bench_64x64.png;Furniture
Wood bench;pm_prop_wood_bench;deco_gen_camp_bench_a;icons\photomode\deco_gen_camp_bench_a_64x64.png;Furniture
Chair;pm_prop_chair;sit_w_music_lute_rich_chair_ap;icons\photomode\sit_w_music_lute_rich_chair_ap_64x64.png;Furniture
Simple chair;pm_prop_simple_chair;sit_c_chair_ap;icons\photomode\sit_c_chair_ap_64x64.png;Furniture
Stump;pm_prop_stump;cs_601_stump_immo;icons\photomode\cs_601_stump_immo_64x64.png;Furniture
Fox mask;pm_prop_fox_mask;sq301_item__fox_mask_01;icons\photomode\sq301_item__fox_mask_01_64x64.png;Headwear
Laurel wreath;pm_prop_laurel_wreath;sq701_item__victory_laurels;icons\photomode\sq701_item__victory_laurels_64x64.png;Headwear
Wolf mask;pm_prop_wolf_mask;sq301_item__geralt_mask_01;icons\photomode\sq301_item__geralt_mask_01_64x64.png;Headwear
Harlequin mask;pm_prop_harlequin_mask;sq301_item__geralt_mask_02;icons\photomode\sq301_item__geralt_mask_02_64x64.png;Headwear
Bird mask;pm_prop_bird_mask;sq301_item__geralt_mask_03;icons\photomode\sq301_item__geralt_mask_03_64x64.png;Headwear
Mandragora mask;pm_prop_mandragora_mask;q703_item__mandragora_mask_geralt;icons\photomode\q703_item__mandragora_mask_geralt_64x64.png;Headwear
Light mandragora mask;pm_prop_light_mandragora_mask;q703_mandragora_mask_female;icons\photomode\q703_mandragora_mask_female_64x64.png;Headwear
Crown;pm_prop_crown;q208_item__royal_crown;icons\photomode\q208_item__royal_crown_64x64.png;Headwear
Concealment kit;pm_prop_concealment_kit;concealment_kit;icons\photomode\concealment_kit_64x64.png;Headwear
Elven lamp;pm_prop_elven_lamp;q106_item__elven_lamp;icons\photomode\q106_item__elven_lamp_64x64.png;Holdable
Bouquet of white roses;pm_prop_bouquet_of_white_roses;q705_item__white_roses_bouquet;icons\photomode\q705_item__white_roses_bouquet_64x64.png;Holdable
"Bouquet ";pm_prop_bouquet;q403_item__flowers_bouquet_vesemir_burial;icons\photomode\q403_item__flowers_bouquet_vesemir_burial_64x64.png;Holdable
Bouquet of dry roses;pm_prop_bouquet_of_dry_roses;rose_dry_bouquet_a;icons\photomode\rose_dry_bouquet_a_64x64.png;Holdable
Communicator;pm_prop_communicator;q106_item__communicator;icons\photomode\q106_item__communicator_64x64.png;Holdable
Bottle;pm_prop_bottle;bottle_open;icons\photomode\bottle_open_64x64.png;Holdable
Cup;pm_prop_cup;q701_grain_cup;icons\photomode\q701_grain_cup_64x64.png;Holdable
Wine glass;pm_prop_wine_glass;q206_full_wine_chalice;icons\photomode\q206_full_wine_chalice_64x64.png;Holdable
Shot glass;pm_prop_shot_glass;vodka_cup;icons\photomode\vodka_cup_64x64.png;Holdable
Beer mug;pm_prop_beer_mug;beer_mug_px;icons\photomode\beer_mug_px_64x64.png;Holdable
Bonfire;pm_prop_bonfire;bonfire_medium;icons\photomode\bonfire_medium_64x64.png;Light sources
Campfire;pm_prop_campfire;campfire_01;icons\photomode\campfire_01_64x64.png;Light sources
Lamp;pm_prop_lamp;q104_item__keira_lamp;icons\photomode\q104_item__keira_lamp_64x64.png;Light sources
Candlestick;pm_prop_candlestick;candleholder_small_melted;icons\photomode\candleholder_small_melted_64x64.png;Light sources
Candle;pm_prop_candle;candle_med_a;icons\photomode\candle_med_a_64x64.png;Light sources
Group of candles;pm_prop_group_of_candles;candle_small_group_melted_b;icons\photomode\candle_small_group_melted_b_64x64.png;Light sources
Line of candles;pm_prop_line_of_candles;candle_large_group_caves;icons\photomode\candle_large_group_caves_64x64.png;Light sources
Skull pile;pm_prop_skull_pile;skull_pile_organised_px;icons\photomode\skull_pile_organised_px_64x64.png;Occult
Skull pile 2;pm_prop_skull_pile_2;skull_pile_random_px;icons\photomode\skull_pile_random_px_64x64.png;Occult
Human skull;pm_prop_human_skull;q104_clue_keira_skull;icons\photomode\q104_clue_keira_skull_64x64.png;Occult
Horse skull;pm_prop_horse_skull;horse_skull__unique_spiral;icons\photomode\horse_skull__unique_spiral_64x64.png;Occult
Nekker skull;pm_prop_nekker_skull;i_01__nekker_skull;icons\photomode\i_01__nekker_skull_64x64.png;Occult
Alchemy jar;pm_prop_alchemy_jar;q402_item__jar_with_a_wisp;icons\photomode\q402_item__jar_with_a_wisp_64x64.png;Occult
Potion jar;pm_prop_potion_jar;mh701_item_sharely_lure_potion;icons\photomode\mh701_item_sharely_lure_potion_64x64.png;Occult
Old letter;pm_prop_old_letter;old_paper;icons\photomode\old_paper_64x64.png;Paper
Letter;pm_prop_letter;poi_car_a_05_loot_fluff;icons\photomode\poi_car_a_05_loot_fluff_64x64.png;Paper
Map;pm_prop_map;q002_item__world_map_on_a_table;icons\photomode\q002_item__world_map_on_a_table_64x64.png;Paper
Red book;pm_prop_red_book;q304_dandelion_diary_entity;icons\photomode\q304_dandelion_diary_entity_64x64.png;Paper
Open book;pm_prop_open_book;book_decorative_px;icons\photomode\book_decorative_px_64x64.png;Paper
Envelope;pm_prop_envelope;q206_item__rich_envelope;icons\photomode\q206_item__rich_envelope_64x64.png;Paper
Zireael;pm_prop_zireael;sword__ciri;icons\photomode\sword__ciri_64x64.png;Weapons
Winter's Blade;pm_prop_winter’s_blade;q402_item__epic_sword;icons\photomode\q402_item__epic_sword_64x64.png;Weapons
Caranthir's staff;pm_prop_caranthir’s_staff;caranthil_staff;icons\photomode\caranthil_staff_64x64.png;Weapons
Hav'caaren;pm_prop_hav'caaren;eredin_sword;icons\photomode\eredin_sword_64x64.png;Weapons
Child's wooden sword;pm_prop_child’s_wooden_sword;young_ciri_sword;icons\photomode\young_ciri_sword_64x64.png;Weapons
Training sword;pm_prop_training_sword;q304_item__wooden_training_sword;icons\photomode\q304_item__wooden_training_sword_64x64.png;Weapons
"Vesemir's silver sword ";pm_prop_vesemir’s_silver_sword;vesemir_silver_sword;icons\photomode\vesemir_silver_sword_64x64.png;Weapons
Vesemir's steel sword;pm_prop_vesemir’s_steel_sword;vesemir_steel_sword;icons\photomode\vesemir_steel_sword_64x64.png;Weapons
Glory of the North;pm_prop_glory_of_the_north;steel_legendary_glory_of_the_north;icons\photomode\steel_legendary_glory_of_the_north_64x64.png;Weapons
Breath of the North;pm_prop_breath_of_the_north;silver_legendary_breath_of_the_north;icons\photomode\silver_legendary_breath_of_the_north_64x64.png;Weapons
Tor Lara;pm_prop_tor_lara;steel_legendary_tor_lara;icons\photomode\steel_legendary_tor_lara_64x64.png;Weapons
Tor Zirael;pm_prop_tor_zirael;silver_legendary_tor_zirael;icons\photomode\silver_legendary_tor_zirael_64x64.png;Weapons