sectionID;Name;Title;x;y;time;delay
11;;SCROLLING;;;;
11;;credits_SAPKOWSKI;;;;
11;;;;;;
11;;;;;;
11;;;;;;
11;;;;;;
11;;credits_DIRECTORS;;;;
11;;;;;;
11;;;;;;
11;;credits_STUDIO_HEAD;;;;
11;ADAM BADOWSKI;;;;;
11;;;;;;
11;;credits_VP_EXECUTIVE_PRODUCER_OF_EXTERNAL_PROJECTS;;;;
11;JAKUB KUTRZUBA;;;;;
11;;;;;;
11;;credits_VP_TECHNOLOGY;;;;
11;CHARLES TREMBLAY;;;;;
11;;;;;;
11;;credits_ART_DIRECTOR;;;;
11;LUCJAN WIĘCEK;;;;;
11;;;;;;
11;;credits_GLOBAL_ART_DIRECTOR;;;;
11;JAKUB KNAPIK;;;;;
11;;;;;;
11;;credits_ACTING_NARRATIVE_DIRECTOR;;;;
11;PHILIPP WEBER;;;;;
11;;;;;;
11;;credits_LOCALIZATION_DIRECTOR;;;;
11;MIKOŁAJ SZWED;;;;;
11;;;;;;
11;;credits_CREATIVE_DIRECTOR;;;;
11;SEBASTIAN KALEMBA;;;;;
11;;;;;;
11;;credits_DESIGN_DIRECTOR;;;;
11;GRZEGORZ MOCARSKI;;;;;
11;;;;;;
11;;credits_STORY_DIRECTOR;;;;
11;MARCIN BLACHA;;;;;
11;;;;;;
11;;credits_ENGLISH_ADAPTATION_DIRECTOR;;;;
11;BORYS PUGACZ-MURASZKIEWICZ;;;;;
11;;;;;;
11;;credits_AUDIO_DIRECTOR;;;;
11;ATSUSHI SUGANUMA;;;;;
11;;;;;;
11;;credits_MUSIC_DIRECTOR;;;;
11;MARCIN PRZYBYLOWICZ;;;;;
11;;;;;;
11;;CRE_VP_OF_PR_GLOBAL_COMMUNICATION;;;;
11;MICHAŁ PLATKOW-GILEWSKI;;;;;
11;;;;;;
11;;credits_GLOBAL_PR_DIRECTOR;;;;
11;RADEK GRABOWSKI;;;;;
11;;;;;;
11;;credits_GLOBAL_COMMUNITY_DIRECTOR;;;;
11;MARCIN MOMOT;;;;;
11;;;;;;
11;;CRE_GLOBAL_COMMUNICATION_DIRECTOR;;;;
11;ROBERT MALINOWSKI;;;;;
11;;;;;;
11;;credits_GLOBAL_BRAND_MARKETING_DIRECTOR;;;;
11;AMIR GHAREAGHADJE;;;;;
11;;;;;;
11;;credits_BUSINESS_DEVELOPMENT_DIRECTOR;;;;
11;JAN ROSNER;;;;;
11;;;;;;
11;;credits_DIRECTOR_OF_GLOBAL_PRODUCTION;;;;
11;MAGDALENA DRĄŻEK;;;;;
11;;;;;;
11;;credits_GLOBAL_MARKETING_DIRECTOR;;;;
11;KAMIL KOSZ;;;;;
11;;;;;;
11;;;;;;
11;;;;;;
11;;credits_CORETEAM;;;;
11;;;;;;
11;;;;;;
11;;CRE_PROJECT_LEAD;;;;
11;JAKUB KUTRZUBA;;;;;
11;;;;;;
11;;credits_PROJECT_TECH_LEAD;;;;
11;CHARLES TREMBLAY;;;;;
11;;;;;;
11;;credits_PROJECT_ART_LEAD;;;;
11;JAKUB KNAPIK;;;;;
11;;;;;;
11;;credits_PROJECT_ART_LEAD;;;;
11;LUCJAN WIĘCEK;;;;;
11;;;;;;
11;;credits_PRODUCTION;;;;
11;RYU UNDERHILL;;;;;
11;;;;;;
11;;credits_CODE_ENGINEERING;;;;
11;PRANAV BALAJI;;;;;
11;DAVID BLOCK;;;;;
11;MEHDI CHAID;;;;;
11;PRZEMYSŁAW CZATROWSKI;;;;;
11;NIMA DAVARI;;;;;
11;TIM GREEN;;;;;
11;ALI SATTARI JAVID;;;;;
11;MARCIN KULIKOWSKI;;;;;
11;RAFAŁ NOWAKOWSKI;;;;;
11;ANDREW MACDONALD;;;;;
11;DAVID ST-LOUIS;;;;;
11;COLIN WALDER;;;;;
11;;;;;;
11;;credits_QUEST_GAMEPLAY;;;;
11;EERO VARENDI;;;;;
11;PHILIPP WEBER;;;;;
11;;;;;;
11;;credits_ART_AND_CONTENT;;;;
11;RAFAL BARTNIK;;;;;
11;MARCIN BLASZCZAK;;;;;
11;MICHAŁ BUCZKOWSKI;;;;;
11;JAKUB CHECHELSKI;;;;;
11;MARK FOREMAN;;;;;
11;MICHAŁ JANISZEWSKI;;;;;
11;KAJETAN KAPUŚCIŃSKI;;;;;
11;MARCIN KLICKI;;;;;
11;AXEL KRAEFFT;;;;;
11;ANTON LEONOV;;;;;
11;JAKUB MADEŁA;;;;;
11;WOJCIECH MICHALSKI;;;;;
11;DOMINIK MILECKI;;;;;
11;KRZYSZTOF OLBORSKI;;;;;
11;DANIEL OLEJNIK;;;;;
11;ERIH PAZANIN;;;;;
11;MACIEJ PIETRAS;;;;;
11;PRZEMYSŁAW PULIT;;;;;
11;TOMASZ STRYJEWSKI;;;;;
11;MILES TOST;;;;;
11;MATEUSZ WALUS;;;;;
11;KONRAD ZIOMEK;;;;;
11;;;;;;
11;;credits_MODS_INTEGRATIONS;;;;
11;EERO VARENDI;;;;;
11;;;;;;
11;;credits_UI;;;;
11;YAROSLAV GETSEVICH;;;;;
11;;;;;;
11;;CRE_LOCALIZATION;;;;
11;WIKTORIA PACIOREK;;;;;
11;DAVID TRIEU;;;;;
11;;;;;;
11;;credits_QA;;;;
11;TOMASZ HERBRICH;;;;;
11;PIOTR STRADOWSKI;;;;;
11;MATEUSZ SYKUŁA;;;;;
11;;;;;;
11;;credits_TECHNICAL_SUPPORT;;;;
11;JOAO PEDRO DE MELLO;;;;;
11;;;;;;
11;;;;;;
11;;;;;;
11;;credits_CD_PROJEKT_RED;;;;
11;;;;;;
11;;;;;;
11;;CRE_PRODUCTION;;;;
11;;;;;;
11;;credits_SENIOR_PUBLISHING_PRODUCER;;;;
11;OLEG SHATULO;;;;;
11;;;;;;
11;;credits_PUBLISHING_PRODUCER;;;;
11;RYU UNDERHILL;;;;;
11;;;;;;
11;;credits_PRODUCERS;;;;
11;ALICJA BIELECKA;;;;;
11;ANNA CZAPLINSKA;;;;;
11;;;;;;
11;;;;;;
11;;credits_CODE;;;;
11;;;;;;
11;;credits_ENGINEERING_DIRECTOR;;;;
11;CHARLES TREMBLAY;;;;;
11;;;;;;
11;;credits_ENGINEERING_DIRECTOR_MANAGEMENT_AUDIO;;;;
11;COLIN WALDER;;;;;
11;;;;;;
11;;credits_LEAD_ENGINE_PROGRAMMER;;;;
11;DAVID ST-LOUIS;;;;;
11;;;;;;
11;;credits_CODE_RENDERING_ACTING_LEAD;;;;
11;PRZEMYSŁAW CZATROWSKI;;;;;
11;;;;;;
11;;credits_EXPERT_ENGINEER_RENDERING;;;;
11;TIM GREEN;;;;;
11;;;;;;
11;;credits_SENIOR_GRAPHICS_PROGRAMMER;;;;
11;RAFAŁ NOWAKOWSKI;;;;;
11;;;;;;
11;;credits_SENIOR_PROGRAMMER;;;;
11;ALI SATTARI JAVID;;;;;
11;;;;;;
11;;credits_SENIOR_ENGINEERS_CORE;;;;
11;DAVID BLOCK;;;;;
11;ADRIAN DĄBROWSKI;;;;;
11;;;;;;
11;;credits_ENGINEER_GRAPHICS;;;;
11;PIOTR MICHNIEWSKI;;;;;
11;;;;;;
11;;credits_ENGINE_PROGRAMMERS;;;;
11;NIMA DAVARI;;;;;
11;ANDREW MACDONALD;;;;;
11;;;;;;
11;;credits_PROGRAMMER;;;;
11;MEHDI CHAID;;;;;
11;;;;;;
11;;credits_JUNIOR_PROGRAMMER;;;;
11;PRANAV BALAJI;;;;;
11;;;;;;
11;;;;;;
11;;credits_DEVOPS;;;;
11;;;;;;
11;;credits_ENGINEERING_MANAGER_DEVOPS;;;;
11;MARCIN KULIKOWSKI;;;;;
11;;;;;;
11;;credits_SENIOR_C_DEVELOPER;;;;
11;PRZEMYSŁAW RYCIUK;;;;;
11;;;;;;
11;;credits_C_DEVELOPER;;;;
11;PAWEŁ ŚWIĄTEK;;;;;
11;;;;;;
11;;credits_C_DEVELOPER;;;;
11;KAROL ŻUCHOWSKI;;;;;
11;;;;;;
11;;;;;;
11;;CRE_QUEST_DESIGN;;;;
11;;;;;;
11;;credits_ACTING_NARRATIVE_DIRECTOR;;;;
11;PHILIPP WEBER;;;;;
11;;;;;;
11;;credits_SENIOR_QUEST_DESIGNER;;;;
11;JOANNA RADOMSKA;;;;;
11;;;;;;
11;;credits_QUEST_DESIGNERS;;;;
11;DESPOINA ANETAKI;;;;;
11;KONRAD CHLASTA;;;;;
11;DOMINIKA KUCZYŃSKA;;;;;
11;EERO VARENDI;;;;;
11;;;;;;
11;;;;;;
11;;credits_STORY;;;;
11;;;;;;
11;;credits_LEAD_WRITER;;;;
11;ALEKSANDRA MOTYKA;;;;;
11;;;;;;
11;;credits_WRITER;;;;
11;KATARZYNA KRAIŃSKA;;;;;
11;;;;;;
11;;;;;;
11;;credits_CINEMATIC_ANIMATION;;;;
11;;;;;;
11;;credits_LEAD_CINEMATIC_ANIMATOR;;;;
11;MACIEJ PIETRAS;;;;;
11;;;;;;
11;;credits_CINEMATIC_ANIMATOR;;;;
11;ANETA PASŁAWSKA;;;;;
11;;;;;;
11;;;;;;
11;;CRE_GAMEPLAY_DESIGN;;;;
11;;;;;;
11;;credits_SENIOR_GAMEPLAY_DESIGNER;;;;
11;ANDRZEJ KWIATKOWSKI;;;;;
11;;;;;;
11;;CRE_GAMEPLAY_DESIGN;;;;
11;JĘDRZEJ JUSZCZAK;;;;;
11;;;;;;
11;;credits_ADDITIONAL_GAMEPLAY_DESIGN;;;;
11;EERO VARENDI;;;;;
11;;;;;;
11;;;;;;
11;;credits_CINEMATIC_DESIGN;;;;
11;;;;;;
11;;credits_LEAD_CINEMATIC_DESIGNER;;;;
11;KAJETAN KAPUŚCIŃSKI;;;;;
11;;;;;;
11;;credits_SENIOR_CINEMATIC_DESIGNER;;;;
11;BARTOSZ NOWAK;;;;;
11;;;;;;
11;;;;;;
11;;credits_LEVEL_DESIGN;;;;
11;;;;;;
11;;credits_ACTING_LEAD_LEVEL_DESIGNER;;;;
11;MILES TOST;;;;;
11;;;;;;
11;;;;;;
11;;CRE_TECHNICAL_ART;;;;
11;;;;;;
11;;CRE_TECHNICAL_ARTIST;;;;
11;ADAM WROTEK;;;;;
11;;;;;;
11;;credits_SENIOR_TECHNICAL_LIGHTING_ARTIST;;;;
11;GIOVANNI DE FRANCESCO;;;;;
11;;;;;;
11;;;;;;
11;;CRE_CONCEPT_ART;;;;
11;;;;;;
11;;CRE_LEAD_CONCEPT_ARTIST;;;;
11;YAMANDU ORCE;;;;;
11;;;;;;
11;;credits_EXPERT_CONCEPT_ARTISTS;;;;
11;MAREK MADEJ;;;;;
11;JAN MAREK;;;;;
11;;;;;;
11;;credits_CONCEPT_ARTIST;;;;
11;MARTA LEYDY-ODRZYWOLSKA;;;;;
11;;;;;;
11;;;;;;
11;;credits_ASSETS;;;;
11;;;;;;
11;;credits_SENIOR_ENVINROMENT_ARTIST_ASSET_COORDINATOR;;;;
11;ANTON LEONOV;;;;;
11;;;;;;
11;;credits_LEAD_ASSET_ARTIST;;;;
11;AXEL KRAEFFT;;;;;
11;;;;;;
11;;credits_SENIOR_ASSET_ARTISTS;;;;
11;RAFAL BARTNIK;;;;;
11;MATEUSZ WALUS;;;;;
11;;;;;;
11;;;;;;
11;;credits_RIGGING;;;;
11;;;;;;
11;;credits_SENIOR_CHARACTER_TECHNICAL_DIRECTOR;;;;
11;JAKUB MADEŁA;;;;;
11;;;;;;
11;;;;;;
11;;CRE_CHARACTER_ART;;;;
11;;;;;;
11;;CRE_LEAD_CHARACTER_ARTIST;;;;
11;DOMINIK MILECKI;;;;;
11;;;;;;
11;;credits_EXPERT_CHARACTER_ARTISTS;;;;
11;MARCIN BLASZCZAK;;;;;
11;WOJCIECH MICHALSKI;;;;;
11;;;;;;
11;;credits_EXPERT_MONSTER_COORDINATOR;;;;
11;MARCIN KLICKI;;;;;
11;;;;;;
11;;credits_SENIOR_CHARACTER_HEAD_MODELING_SUPERVISOR;;;;
11;TOMASZ STRYJEWSKI;;;;;
11;;;;;;
11;;credits_SENIOR_HAIR_COORDINATOR;;;;
11;ERIH PAZANIN;;;;;
11;;;;;;
11;;credits_SENIOR_CHARACTER_ARTISTS;;;;
11;JAKUB CHECHELSKI;;;;;
11;PRZEMYSŁAW PULIT;;;;;
11;;;;;;
11;;credits_HAIR_ARTIST;;;;
11;ALINA VILKOVA;;;;;
11;;;;;;
11;;;;;;
11;;credits_ENVIRONMENT_ART;;;;
11;;;;;;
11;;CRE_LEAD_ENVIRONMENT_ARTIST;;;;
11;MICHAŁ JANISZEWSKI;;;;;
11;;;;;;
11;;credits_EXPERT_ENVIRONMENT_ARTISTS;;;;
11;MICHAŁ BUCZKOWSKI;;;;;
11;MARK FOREMAN;;;;;
11;KRZYSZTOF OLBORSKI;;;;;
11;DANIEL OLEJNIK;;;;;
11;;;;;;
11;;;;;;
11;;credits_UI;;;;
11;;;;;;
11;;credits_UI_ART_LEAD;;;;
11;VLADIMIR VILIMOVSKY;;;;;
11;;;;;;
11;;credits_UI_LEAD;;;;
11;YAROSLAV GETSEVICH;;;;;
11;;;;;;
11;;credits_UI_ARTIST;;;;
11;KAROLINA KŁOS;;;;;
11;;;;;;
11;;credits_JUNIOR_UI_ARTIST;;;;
11;DARIA GRZYBOWSKA;;;;;
11;;;;;;
11;;credits_JUNIOR_UI_DESIGNER;;;;
11;YELYZAVETA KOVALENKO;;;;;
11;;;;;;
11;;;;;;
11;;credits_VFX;;;;
11;;;;;;
11;;credits_SENIOR_VFX_ARTIST;;;;
11;PAWEŁ KWIATEK;;;;;
11;;;;;;
11;;credits_VFX_ACTING_LEAD;;;;
11;KONRAD ZIOMEK;;;;;
11;;;;;;
11;;;;;;
11;;credits_ADDITIONALVFX;;;;
11;;;;;;
11;;credits_ADDITIONALVFX;;;;
11;PHILIPP WEBER;;;;;
11;;;;;;
11;;;;;;
11;;credits_AUDIO/SFX;;;;
11;;;;;;
11;;credits_EXPERT_SOUND_DESIGNER;;;;
11;PAWEŁ DAUDZWARD;;;;;
11;;;;;;
11;;credits_SENIOR_SOUND_DESIGNER;;;;
11;PATRYK WOZNIAK;;;;;
11;;;;;;
11;;;;;;
11;;credits_MOTION_CAPTURE;;;;
11;;;;;;
11;;credits_MOTION_CAPTURE_LEAD;;;;
11;ŁUKASZ ZAWŁOCKI;;;;;
11;;;;;;
11;;credits_SENIOR_MOTION_CAPTURE_SPECIALIST;;;;
11;ŁUKASZ NIEJADLIK;;;;;
11;;;;;;
11;;credits_SENIOR_MOTION_CAPTURE_SPECIALIST;;;;
11;TOMASZ KOWALCZYK;;;;;
11;;;;;;
11;;credits_MOTION_CAPTURE_STAGE_ASSISTANT;;;;
11;PAWEŁ BRAJCZEWSKI;;;;;
11;;;;;;
11;;;;;;
11;;CRE_LOCALIZATION;;;;
11;;;;;;
11;;credits_LOCALIZATION_DIRECTOR;;;;
11;MIKOŁAJ SZWED;;;;;
11;;;;;;
11;;credits_ENGLISH_ADAPTATION_DIRECTOR;;;;
11;BORYS PUGACZ-MURASZKIEWICZ;;;;;
11;;;;;;
11;;credits_SENIOR_ENGLISH_ADAPTATION_SPECIALISTS;;;;
11;JARED DYE;;;;;
11;ANIELA PRAMIK;;;;;
11;;;;;;
11;;credits_ACTING_LOCALIZATION_LEADS;;;;
11;MARTA CANNILLA;;;;;
11;ALEXANDER RADKEVICH;;;;;
11;;;;;;
11;;credits_SENIOR_LOCALIZATION_PROJECT_MANAGERS;;;;
11;MARÍA DE LOS ÁNGELES RODRÍGUEZ MARRERO;;;;;
11;WALDEMAR PEREIRA PIEKARSKI;;;;;
11;DAVID TRIEU;;;;;
11;;;;;;
11;;credits_LOCALISATION_PROJECT_MANAGERS;;;;
11;DIANA MARÍA MEDELLÍN BARRERA;;;;;
11;JIWON OH;;;;;
11;WIKTORIA PACIOREK;;;;;
11;MENGSHU QIAO;;;;;
11;OLGA SUSHYTSKA;;;;;
11;;;;;;
11;;credits_LOCALIZATION_QA_ANALYST_COORDINATOR;;;;
11;PAULA MACKIEWICZ-ARMSTRONG;;;;;
11;;;;;;
11;;credits_LOCALIZATION_QA_ANALYSTS;;;;
11;MONIKA ZALESKA;;;;;
11;;;;;;
11;;;;;;
11;;credits_ONLINE_SERVICES;;;;
11;;;;;;
11;;credits_ONLINE_SERVICES_DIRECTOR;;;;
11;PIOTR MARZEC;;;;;
11;;;;;;
11;;credits_ONLINE_SERVICES_TECHNICAL_DIRECTOR;;;;
11;MICHAŁ GRUCHAŁA;;;;;
11;;;;;;
11;;credits_EXPERT_SOFTWARE_ENGINEERS;;;;
11;ADAM MAŁECKI;;;;;
11;JOHN SCHNEIDERMAN;;;;;
11;PAWEŁ SIKORSKI;;;;;
11;;;;;;
11;;credits_PRODUCT_OWNER;;;;
11;ADAM KOBIERACKI;;;;;
11;;;;;;
11;;credits_LEAD_SOFTWARE_ENGINEER;;;;
11;GEORGII KORSHUNOV;;;;;
11;;;;;;
11;;credits_EXPERT_SOFTWARE_ENGINEER;;;;
11;JAROSŁAW LISICKI;;;;;
11;;;;;;
11;;credits_DATA_PRODUCT_MANAGER;;;;
11;DAMIAN WELC;;;;;
11;;;;;;
11;;credits_PRODUCT_OWNER_EXPERT_SOFTWARE_ENGINEER;;;;
11;ALEKSEJ PAWLOWSKIJ;;;;;
11;;;;;;
11;;credits_SENIOR_GAME_DATA_ANALYST;;;;
11;PRZEMYSŁAW TOMASZEWSKI;;;;;
11;;;;;;
11;;credits_LEAD_SOFTWARE_ENGINEER;;;;
11;LESZEK KRUPIŃSKI;;;;;
11;;;;;;
11;;credits_SENIOR_SOFTWARE_ENGINEER;;;;
11;ALEKSANDR REVO;;;;;
11;;;;;;
11;;credits_SOFTWARE_ENGINEERS;;;;
11;JAROSŁAW KSIĘŻUK;;;;;
11;FILIP TOMASZEWSKI;;;;;
11;;;;;;
11;;credits_GAME_DATA_ANALYST;;;;
11;DANIEL LASKOWSKI;;;;;
11;;;;;;
11;;credits_QA_ENGINEER;;;;
11;RAFAŁ LICHOCKI;;;;;
11;;;;;;
11;;credits_ACTING_LEAD_SOFTWARE_ENGINEER_PRODUCT_OWNER;;;;
11;SERGEY ZAMULKA;;;;;
11;;;;;;
11;;credits_SENIOR_GAME_DATA_ANALYST;;;;
11;ALEKSANDRA GUZIK;;;;;
11;;;;;;
11;;credits_JUNIOR_FRONTEND_ENGINEER;;;;
11;PATRIK JAGIELSKI;;;;;
11;;;;;;
11;;credits_SOFTWARE_ENGINEERS;;;;
11;DAMIAN RYBOŁOWICZ;;;;;
11;JUSTYNA SKALSKA;;;;;
11;;;;;;
11;;credits_QA_ENGINEER;;;;
11;VIKTOR JAKUSKIN;;;;;
11;;;;;;
11;;credits_SENIOR_SOFTWARE_ENGINEER;;;;
11;TOMASZ STANKIEWICZ;;;;;
11;;;;;;
11;;credits_UX_UI_DESIGNER;;;;
11;PIOTR WOŹNY;;;;;
11;;;;;;
11;;;;;;
11;;CRE_QUALITY_ASSURANCE;;;;
11;;;;;;
11;;credits_ACTING_QA_MANAGER;;;;
11;PAWEŁ WRÓBLEWSKI;;;;;
11;;;;;;
11;;credits_TECH_QA_LEADS;;;;
11;SZYMON BĄK;;;;;
11;MACIEJ ZNOSKO;;;;;
11;;;;;;
11;;credits_TECH_QA_COORDINATOR;;;;
11;TOMASZ HERBRICH;;;;;
11;;;;;;
11;;credits_ART_QA_COORDINATOR;;;;
11;SZYMON SKOWRON;;;;;
11;;;;;;
11;;credits_SENIOR_QA_ANALYST;;;;
11;MICHAŁ KOWALCZYK;;;;;
11;;;;;;
11;;CRE_ART_QA_ANALYST;;;;
11;IGOR PIWOŃSKI;;;;;
11;;;;;;
11;;CRE_ART_QA_ANALYST_AUDIO;;;;
11;THOMAS WHITE;;;;;
11;;;;;;
11;;CRE_QA_ANALYST;;;;
11;AMADEA SOKOŁOWSKA;;;;;
11;;;;;;
11;;CRE_JUNIOR_ART_QA_ANALYST;;;;
11;PATRYCJA WYPUSTEK;;;;;
11;;;;;;
11;;CRE_JUNIOR_ART_QA_ANALYST;;;;
11;ZOFIA WOŁOSZYN;;;;;
11;;;;;;
11;;CRE_JUNIOR_TECH_QA_ANALYST;;;;
11;PIOTR STRADOWSKI;;;;;
11;;;;;;
11;;CRE_JUNIOR_TECH_QA_ANALYST;;;;
11;KRZYSZTOF MARUT;;;;;
11;;;;;;
11;;CRE_JUNIOR_TECH_QA_ANALYST;;;;
11;DAWID MICHALAK;;;;;
11;;;;;;
11;;;;;;
11;;credits_TECHNICAL_SUPPORT;;;;
11;;;;;;
11;;credits_ASSOCIATE_DIRECTOR_OF_PLAYER_EXPERIENCE_SAFETY;;;;
11;KAROLINA NIEWĘGŁOWSKA;;;;;
11;;;;;;
11;;credits_PLAYER_EXPERIENCE_PROJECT_MANAGER;;;;
11;MICHAEL JANOWSKI;;;;;
11;;;;;;
11;;credits_SENIOR_PLAYER_EXPERIENCE_SPECIALIST;;;;
11;MONIKA RESZCZYŃSKA;;;;;
11;;;;;;
11;;credits_TECHNICAL_COMMUNICATION_SPECIALIST;;;;
11;ALEKSANDRA WĄSIEWICZ;;;;;
11;;;;;;
11;;credits_TECHNICAL_SUPPORT_ENGINEER_ACTING_LEAD;;;;
11;KAROLINA KARP;;;;;
11;;;;;;
11;;credits_SENIOR_TECHNICAL_SUPPORT_SPECIALIST;;;;
11;MICHAŁ KALINOWSKI;;;;;
11;;;;;;
11;;credits_TECHNICAL_SUPPORT_SPECIALISTS;;;;
11;LESZEK GROCH;;;;;
11;JOAO PEDRO DE MELLO;;;;;
11;ANNA PACH;;;;;
11;MARTA RYBARCZYK;;;;;
11;;;;;;
11;;credits_SENIOR_TECHNICAL_SUPPORT_ENGINEER;;;;
11;PAWEŁ RUDNICKI;;;;;
11;;;;;;
11;;credits_TECHNICAL_SUPPORT_ENGINEER;;;;
11;MARIIA STRILCHUK;;;;;
11;;;;;;
11;;credits_TECHNICAL_SUPPORT_ASSOCIATE;;;;
11;GEORG IVANOV;;;;;
11;;;;;;
11;;;;;;
11;;credits_BUSINESS_DEVELOPMENT;;;;
11;;;;;;
11;;credits_VP_BUSINESS_DEVELOPMENT;;;;
11;JAN ROSNER;;;;;
11;;;;;;
11;;credits_SENIOR_BUSINESS_DEVELOPMENT_MANAGER;;;;
11;DAREK GRZYWACZEWSKI;;;;;
11;;;;;;
11;;credits_SENIOR_BUSINESS_PARTNERSHIPS_MANAGER;;;;
11;KACPER ULLMANN;;;;;
11;;;;;;
11;;credits_BUSINESS_PARTNERSHIPS_SPECIALIST;;;;
11;MONIKA TRIPPENBACH;;;;;
11;;;;;;
11;;CRE_PROCUREMENT_MANAGER;;;;
11;KAROLINA KOPEK;;;;;
11;;;;;;
11;;credits_PROCUREMENT_SPECIALIST;;;;
11;PAULINA PŁOSKA;;;;;
11;;;;;;
11;;CRE_GLOBAL_LICENSING_DIRECTOR;;;;
11;NICK MCWHORTER;;;;;
11;;;;;;
11;;CRE_LICENSING_&_MERCHANDISE_MANAGER;;;;
11;ANDREA SANDERS;;;;;
11;;;;;;
11;;;;;;
11;;credits_LEGAL;;;;
11;;;;;;
11;;CRE_GENERAL_COUNSEL;;;;
11;EWELINA JAROSZ-ZGODA;;;;;
11;;;;;;
11;;credits_ASSOCIATE_DIRECTOR_DEPUTY_GENERAL_COUNSEL;;;;
11;ANNA PIECHÓWKA;;;;;
11;;;;;;
11;;credits_ACTING_LEAD_BUSINESS_IP_SENIOR_COUNSEL;;;;
11;KINGA PALIŃSKA;;;;;
11;;;;;;
11;;CRE_SENIOR_LEGAL_COUNSEL;;;;
11;KUBA JANKOWSKI;;;;;
11;;;;;;
11;;credits_LEGAL_COUNSEL;;;;
11;KLAUDIA KINASTOWSKA;;;;;
11;;;;;;
11;;CRE_SENIOR_LEGAL_COUNSEL;;;;
11;ADAM KRASSOWSKI;;;;;
11;;;;;;
11;;credits_LEGAL_COUNSEL;;;;
11;MARCIN JĘDRUSIAK;;;;;
11;;;;;;
11;;;;;;
11;;credits_PUBLISHING_PRODUCTION;;;;
11;;;;;;
11;;credits_PUBLISHING_PRODUCTION_RELEASE_TEAM_LEAD;;;;
11;NATALIA KULTYS;;;;;
11;;;;;;
11;;credits_SENIOR_PUBLISHING_PRODUCER;;;;
11;OLEG SHATULO;;;;;
11;;;;;;
11;;credits_PUBLISHING_PRODUCERS;;;;
11;NATALIA PYCH;;;;;
11;RYU UNDERHILL;;;;;
11;;;;;;
11;;;;;;
11;;credits_RELEASE_MANAGEMENT;;;;
11;;;;;;
11;;credits_SENIOR_RELEASE_MANAGERS;;;;
11;ARTUR KEPEN;;;;;
11;AGNIESZKA KRAIŃSKA;;;;;
11;;;;;;
11;;credits_RELEASE_MANAGER;;;;
11;JAKUB KURACH;;;;;
11;;;;;;
11;;CRE_JUNIOR_RELEASE_MANAGER;;;;
11;STEFAN STAMATESCU;;;;;
11;;;;;;
11;;;;;;
11;;credits_PUBLISHING_QA;;;;
11;;;;;;
11;;credits_CENTRAL_QA_MANAGER;;;;
11;PIOTR TYSZKO;;;;;
11;;;;;;
11;;credits_PUBLISHING_TECH_QA_LEAD;;;;
11;TOMASZ HERBRICH;;;;;
11;;;;;;
11;;credits_PUBLISHING_CONTENT_QA_LEAD;;;;
11;LUCAS HIGA;;;;;
11;;;;;;
11;;credits_COMPLIANCE_QA_ANALYST;;;;
11;SZYMON FRĄTCZAK;;;;;
11;;;;;;
11;;credits_PUBLISHING_NARRATIVE_QA_ANALYST;;;;
11;MACIEJ KUCHARCZYK;;;;;
11;;;;;;
11;;credits_PUBLISHING_GAMEPLAY_QA_ANALYST;;;;
11;MATEUSZ SYKUŁA;;;;;
11;;;;;;
11;;credits_PUBLISHING_ART_QA_ANALYST;;;;
11;ANTONI WIERZBICKI;;;;;
11;;;;;;
11;;;;;;
11;;credits_GLOBAL_BRAND;;;;
11;;;;;;
11;;credits_GLOBAL_BRAND_MARKETING_DIRECTOR;;;;
11;AMIR GHAREAGHADJE;;;;;
11;;;;;;
11;;credits_GLOBAL_MARKETING_DIRECTOR;;;;
11;KAMIL KOSZ;;;;;
11;;;;;;
11;;credits_GLOBAL_MARKETING_LEAD;;;;
11;ALEKSANDRA STRYJEK;;;;;
11;;;;;;
11;;credits_SENIOR_BRAND_MANAGERS;;;;
11;ALIONA VALCHEUSKAYA;;;;;
11;MARIA WINIECKA;;;;;
11;;;;;;
11;;CRE_BRAND_MANAGER;;;;
11;GABRIELA JANUSZ;;;;;
11;;;;;;
11;;CRE_MARKETING_MANAGER;;;;
11;AGNIESZKA SKUZA;;;;;
11;;;;;;
11;;;;;;
11;;credits_MARKETING_PRODUCTION;;;;
11;;;;;;
11;;credits_EXPERT_PRODUCER;;;;
11;MICHAŁ KRZEMIŃSKI;;;;;
11;;;;;;
11;;credits_SENIOR_PRODUCERS;;;;
11;MAGDALENA DARDA-LEDZION;;;;;
11;ANNA PIETRZAK;;;;;
11;;;;;;
11;;credits_PROJET_MANAGER_PRODUCER;;;;
11;MICHAŁ MALENTA;;;;;
11;;;;;;
11;;credits_PRODUCERS;;;;
11;ZUZANNA KOCHAŃSKA;;;;;
11;INGA KOSIM;;;;;
11;JUSTYNA LEMIEUX-LEFEBVRE;;;;;
11;;;;;;
11;;;;;;
11;;credits_MARKETING_CREATIVE_-_PROMO_ART;;;;
11;;;;;;
11;;credits_PROMO_ART_TEAM_LEAD;;;;
11;ERNEST KOŚKA;;;;;
11;;;;;;
11;;credits_SENIOR_PROMO_ARTISTS;;;;
11;OLGIERD CISZAK;;;;;
11;MACIEJ STANISŁAWSKI;;;;;
11;DANIEL VALAISIS;;;;;
11;ŁUKASZ WIKTORZAK;;;;;
11;;;;;;
11;;credits_SENIOR_PROMO_3D_ARTIST;;;;
11;MACIEJ ŁYPIK;;;;;
11;;;;;;
11;;credits_PROMO_ARTIST;;;;
11;ALEKSANDER BIEROŃSKI;;;;;
11;;;;;;
11;;credits_PROMO_ARTIST;;;;
11;DILARA OZDEN;;;;;
11;;;;;;
11;;credits_3D_MODELER_&_CHARACTER_ARTIST;;;;
11;ARTUR TARNOWSKI;;;;;
11;;;;;;
11;;;;;;
11;;credits_MARKETING_CREATIVE_-_GRAPHIC_DESIGN;;;;
11;;;;;;
11;;credits_LEAD_GRAPHIC_DESIGNER;;;;
11;MATTHEW WOODLAND;;;;;
11;;;;;;
11;;credits_SENIOR_GRAPHIC_DESIGNERS;;;;
11;ADAM KIERES;;;;;
11;ANASTAZJA KUDRA;;;;;
11;;;;;;
11;;credits_GRAPHIC_DESIGNERS;;;;
11;ROBERT BUBEL;;;;;
11;AGNIESZKA MOMOT;;;;;
11;GABRIELA PEŠKOVÁ;;;;;
11;JULIYA SLANCHAK;;;;;
11;;;;;;
11;;credits_EDITORIAL_GRAPHIC_DESIGNERS;;;;
11;GRZEGORZ FIJAS;;;;;
11;TOMASZ KŁOS;;;;;
11;;;;;;
11;;CRE_DTP_SPECIALIST;;;;
11;KAMIL PRUSZYŃSKI;;;;;
11;;;;;;
11;;credits_GRAPHIC_DESIGN_INTERN;;;;
11;KATARZYNA NOSENKO;;;;;
11;;;;;;
11;;credits_GRAPHIC_DESIGNER;;;;
11;KUBA STYPEREK;;;;;
11;;;;;;
11;;;;;;
11;;credits_MARKETING_CREATIVE_-_SCREENSHOTS;;;;
11;;;;;;
11;;CRE_IN-GAME_PHOTOGRAPHY_ACTING_LEAD;;;;
11;MACIEJ ZOŃ;;;;;
11;;;;;;
11;;CRE_SENIOR_IN-GAME_ENGINE_SPECIALIST;;;;
11;JACEK SZAROSZYK;;;;;
11;;;;;;
11;;credits_IN_GAME_PHOTOGRAPHERS;;;;
11;WOJCIECH SOKOŁOWSKI;;;;;
11;KIRA MATYSIAK;;;;;
11;;;;;;
11;;;;;;
11;;credits_MARKETING_CREATIVE_-_VIDEO;;;;
11;;;;;;
11;;credits_VIDEO_TEAM_LEAD;;;;
11;JACEK KROGULSKI;;;;;
11;;;;;;
11;;credits_SENIOR_MOTION_DESIGNERS;;;;
11;MAI TRAN NGOC THANH;;;;;
11;ANNA STARZYŃSKA-SOBKOWICZ;;;;;
11;;;;;;
11;;credits_SENIOR_VIDEO_EDITOR_&_STREAMING_ENGINEER;;;;
11;MARCIN BAWOLSKI;;;;;
11;;;;;;
11;;credits_SENIOR_VIDEO_ARTIST;;;;
11;RAFAL BIEŃKO;;;;;
11;;;;;;
11;;CRE_VIDEO_EDITOR_STREAMING_ENGINEER;;;;
11;BARTOSZ BRZOZOWSKI;;;;;
11;;;;;;
11;;CRE_VIDEO_EDITOR_STREAMING_ENGINEER;;;;
11;MACIEJ BŁASZKOWSKI;;;;;
11;;;;;;
11;;credits_VIDEO_ARTISTS;;;;
11;MICHAŁ BERNAŚ;;;;;
11;ADAM DUDEK;;;;;
11;JAN WACHOWSKI;;;;;
11;;;;;;
11;;credits_GAMEPLAY_CAPTURE_ARTIST;;;;
11;SŁAWOMIR SZOSTEK;;;;;
11;;;;;;
11;;credits_SOUND_DESIGNER;;;;
11;FILIP KANIECKI;;;;;
11;;;;;;
11;;CRE_VIDEO_EDITOR-SOCIAL_MEDIA;;;;
11;BARTŁOMIEJ KŁOSIEWICZ;;;;;
11;;;;;;
11;;;;;;
11;;credits_MARKETING_CREATIVE_-_WRITERS'_ROOM;;;;
11;;;;;;
11;;CRE_WRITERS_ROOM_LEAD;;;;
11;ŁUKASZ LUDKOWSKI;;;;;
11;;;;;;
11;;credits_WRITER;;;;
11;ALEX SUTTON;;;;;
11;;;;;;
11;;;;;;
11;;credits_FRANCHISE_LORE;;;;
11;;;;;;
11;;credits_FRANCHISE_AND_LORE_DESIGNERS;;;;
11;MARCIN BATYLDA;;;;;
11;PATRICK MILLS;;;;;
11;;;;;;
11;;;;;;
11;;credits_FRANCHISE_ART;;;;
11;;;;;;
11;;CRE_HEAD_OF_FRANCHISE_ART;;;;
11;PRZEMYSŁAW JUSZCZYK;;;;;
11;;;;;;
11;;;;;;
11;;credits_FRANCHISE_DEVELOPEMENT;;;;
11;;;;;;
11;;CRE_CREATIVE_PRODUCER;;;;
11;GABRIEL WORGAFTIK;;;;;
11;;;;;;
11;;;;;;
11;;credits_MEDIA_TEAM;;;;
11;;;;;;
11;;MEDIA_MANAGER_NORTH_AMERICA;;;;
11;FRANCIS MEDINA;;;;;
11;;;;;;
11;;CRE_JUNIOR_PAID_MEDIA_SPECIALIST;;;;
11;ALEKSANDRA GRZEŚKIEWICZ;;;;;
11;;;;;;
11;;credits_DATA_ANALYST;;;;
11;ALEKSANDRA KOWALCZYK;;;;;
11;;;;;;
11;;;;;;
11;;credits_CHANNEL_MARKETING;;;;
11;;;;;;
11;;CRE_GLOBAL_BRAND_PARTNERSHIPS_MANAGER;;;;
11;BEN LOW;;;;;
11;;;;;;
11;;credits_JUNIOR_MARKETING_SPECIALIST;;;;
11;ELINA TOLSTOVA;;;;;
11;;;;;;
11;;;;;;
11;;credits_ONLINE_MARKETING;;;;
11;;;;;;
11;;credits_SENIOR_ONLINE_MARKETING_MANAGER;;;;
11;MICHAŁ TUSZYŃSKI;;;;;
11;;;;;;
11;;credits_ONLINE_PROJECT_MANAGERS;;;;
11;GRZEGORZ ARWAR;;;;;
11;MARTA KOZOWNICKA;;;;;
11;;;;;;
11;;credits_WEB_DEVELOPMENT_TEAM_LEAD;;;;
11;VOLODYMYR SHELELO;;;;;
11;;;;;;
11;;credits_PHP_PROGRAMMER;;;;
11;BARTOSZ WIOSNA;;;;;
11;;;;;;
11;;credits_FULL_STACK_DEVELOPER;;;;
11;MIKHAIL KOZLOV;;;;;
11;;;;;;
11;;credits_JUNIOR_WEB_DEVELOPERS;;;;
11;PATRYCJA HAŃDZIUK;;;;;
11;DOMINIKA ŁUGOWSKA;;;;;
11;;;;;;
11;;;;;;
11;;credits_PR_AND_COMMUNICATION;;;;
11;;;;;;
11;;CRE_VP_OF_PR_GLOBAL_COMMUNICATION;;;;
11;MICHAŁ PLATKOW-GILEWSKI;;;;;
11;;;;;;
11;;credits_GLOBAL_PR_DIRECTOR;;;;
11;RADEK GRABOWSKI;;;;;
11;;;;;;
11;;credits_GLOBAL_COMMUNITY_DIRECTOR;;;;
11;MARCIN MOMOT;;;;;
11;;;;;;
11;;CRE_GLOBAL_COMMUNICATION_DIRECTOR;;;;
11;ROBERT MALINOWSKI;;;;;
11;;;;;;
11;;CRE_GLOBAL_EVENTS_MANAGEMENT_LEAD;;;;
11;MAŁGORZATA SAWNOR;;;;;
11;;;;;;
11;;credits_HEAD_OF_COMMUNICATION_BRAZIL_LATAM;;;;
11;MARIANA BEVILACQUA;;;;;
11;;;;;;
11;;credits_HEAD_OF_COMMUNICATION_FRANCE;;;;
11;FLORIE BUECHELER;;;;;
11;;;;;;
11;;credits_HEAD_OF_COMMUNICATION_GSA;;;;
11;FABIAN DÖHLA;;;;;
11;;;;;;
11;;credits_PR_MANAGER_RUSSIA_CIS;;;;
11;ZHANNA BALADIAN;;;;;
11;;;;;;
11;;credits_PR_PROJECT_MANAGER;;;;
11;MARTA PIWOŃSKA;;;;;
11;;;;;;
11;;CRE_PR_MANAGER;;;;
11;ALESSANDRO FILENI;;;;;
11;;;;;;
11;;CRE_JUNIOR_PR_SPECIALIST;;;;
11;KATARZYNA WNĘK;;;;;
11;;;;;;
11;;credits_SENIOR_COPYWRITERS;;;;
11;RYAN BOWD;;;;;
11;MARCIN ŁUKASZEWSKI;;;;;
11;;;;;;
11;;CRE_COPYWRITER;;;;
11;ŁUKASZ GRĘDA;;;;;
11;;;;;;
11;;CRE_JUNIOR_COPYWRITER;;;;
11;ALICJA ZAPALSKA;;;;;
11;;;;;;
11;;CRE_MEDIA_FLUENCY_TRAINER;;;;
11;MICHAŁ GIERSZ;;;;;
11;;;;;;
11;;CRE_SENIOR_COMMUNICATION_MANAGER;;;;
11;PAWEŁ BURZA;;;;;
11;;;;;;
11;;credits_COMMUNITY_MANAGEMENT_LEAD;;;;
11;SEBASTIAN SIEJKA;;;;;
11;;;;;;
11;;credits_SENIOR_COMMUNITY_MANAGERS;;;;
11;LAURA BEITZEL;;;;;
11;DOMINIKA BURZA;;;;;
11;AMELIA KORZYCKA;;;;;
11;ALICJA KOZERA;;;;;
11;;;;;;
11;;credits_SENIOR_COMMUNICATION_MANAGER,_CHINA;;;;
11;LINGJIN MENG;;;;;
11;;;;;;
11;;CRE_SENIOR_BRAND_MANAGER;;;;
11;TED LI;;;;;
11;;;;;;
11;;credits_COMMUNITY_&_PR_MANAGER,_MENA;;;;
11;MAHA DAHALAN;;;;;
11;;;;;;
11;;CRE_COUNTRY_MANAGER,_JAPAN;;;;
11;SATORU HOMMA;;;;;
11;;;;;;
11;;CRE_PR_COMMUNITY_MANAGER_JAPAN;;;;
11;MAYUKO TAKI;;;;;
11;;;;;;
11;;CRE_JUNIOR_COMMUNITY_MANAGER_ITALY;;;;
11;BEATRICE PANCALLI;;;;;
11;;;;;;
11;;credits_COMMUNITY_MANAGER,_FRANCE;;;;
11;CAMILLE NOGUEIRA;;;;;
11;;;;;;
11;;CRE_SENIOR_COMMUNITY_MANAGER_GERMANY;;;;
11;CAROLIN WENDT;;;;;
11;;;;;;
11;;credits_COMMUNITY_MANAGER,_GERMANY;;;;
11;RYAN SCHOU;;;;;
11;;;;;;
11;;credits_COMMUNITY_MANAGER,_RUSSIA_&_CIS;;;;
11;EKATERINA CHIGRINOVA;;;;;
11;;;;;;
11;;CRE_COUNTRY_MANAGER,_KOREA;;;;
11;PAUL JAEWOO JUNG;;;;;
11;;;;;;
11;;CRE_MARKETING_MANAGER,_KOREA;;;;
11;EVAN SEUNGTAIK OH;;;;;
11;;;;;;
11;;credits_COMMUNITY_MANAGER,_KOREA;;;;
11;WANG CHEOL KO;;;;;
11;;;;;;
11;;credits_COMMUNITY_MANAGER,_CHINA;;;;
11;ISLAND WANG;;;;;
11;;;;;;
11;;CRE_JUNIOR_COMMUNITY_MANAGER;;;;
11;YUH-EN HUANG;;;;;
11;;;;;;
11;;CRE_JUNIOR_COMMUNITY_MANAGER;;;;
11;KRZYSZTOF JABŁOŃSKI;;;;;
11;;;;;;
11;;CRE_JUNIOR_COMMUNITY_MANAGER;;;;
11;LILIA KOZERA;;;;;
11;;;;;;
11;;credits_SENIOR_EVENT_MANAGER;;;;
11;MACIEJ REPUTAKOWSKI-MADEJ;;;;;
11;;;;;;
11;;credits_EVENT_SPECIALIST;;;;
11;ALEKSANDRA DĄBROWSKA;;;;;
11;;;;;;
11;;CRE_JUNIOR_EVENT_SPECIALIST;;;;
11;NIKOLA LEŚNIAK-PADUCH;;;;;
11;;;;;;
11;;;;;;
11;;CRE_SECURITY;;;;
11;;;;;;
11;;CRE_IT_&_SECURITY_DIRECTOR;;;;
11;ŁUKASZ BUCZYŃSKI;;;;;
11;;;;;;
11;;CRE_IT_SECURITY_SPECIALIST;;;;
11;ADAM EKSTEROWICZ;;;;;
11;;;;;;
11;;CRE_JUNIOR_IT_SECURITY_SPECIALIST;;;;
11;LIGIA LEGENZA;;;;;
11;;;;;;
11;;CRE_INTERNAL_CYBERSECURITY_COORDINATOR;;;;
11;KAROL BYRA;;;;;
11;;;;;;
11;;CRE_IT_SECURITY_SPECIALIST;;;;
11;PAULINA GAŁADYK;;;;;
11;;;;;;
11;;CRE_SENIOR_IT_SECURITY_SPECIALIST;;;;
11;MATEUSZ BISKUPSKI;;;;;
11;;;;;;
11;;CRE_SENIOR_PENTESTER;;;;
11;BARTOSZ STYCZYŃSKI;;;;;
11;;;;;;
11;;CRE_SENIOR_CYBERSECURITY_SPECIALIST;;;;
11;ZUZANNA BERNACKA;;;;;
11;;;;;;
11;;CRE_JUNIOR_CYBERSECURITY_SPECIALIST;;;;
11;NATALIA KLUCZNIK;;;;;
11;;;;;;
11;;CRE_JUNIOR_CYBERSECURITY_SPECIALIST;;;;
11;ANNA KRAWCZAK;;;;;
11;;;;;;
11;;CRE_ONLINE_CYBERSECURITY_COORDINATOR;;;;
11;NORBERT PIĘDZIAK;;;;;
11;;;;;;
11;;CRE_IT_COMPLIANCE_EXPERT;;;;
11;MATEUSZ LITEWIAK;;;;;
11;;;;;;
11;;;;;;
11;;credits_IT;;;;
11;;;;;;
11;;CRE_IT_INFRASTRUCTURE_MANAGER;;;;
11;MARCIN KORZYCKI;;;;;
11;;;;;;
11;;CRE_IT_INFRASTRUCTURE_ADMINISTRATOR_/_SYSTEMS EXPERT;;;;
11;RYSZARD JÓZWIAK;;;;;
11;;;;;;
11;;CRE_IT_INFRASTRUCTURE_ADMINISTRATOR_/_NETWORK_EXPERT_/_SYSTEMS_EXPERT;;;;
11;GRZEGORZ KRÓLIKOWSKI;;;;;
11;;;;;;
11;;CRE_IT_INFRASTRUCTURE_PROJECT_MANAGER_/_ARCHITECTURE_EXPERT;;;;
11;MAREK MARTYKA;;;;;
11;;;;;;
11;;CRE_IT INFRASTRUCTURE ADMINISTRATOR /_ARCHITECTURE_SENIOR;;;;
11;RADOSŁAW PYCIA;;;;;
11;;;;;;
11;;CRE_IT_INFRASTRUCTURE_ADMINISTRATOR_/_NETWORK_EXPERT;;;;
11;DAMIAN WARZYWODA;;;;;
11;;;;;;
11;;CRE_IT_INFRASTRUCTURE_ADMINISTRATOR_/_SYSTEMS_SPECIALIST;;;;
11;ALEKSANDER CICHOŃ;;;;;
11;;;;;;
11;;CRE_IT_INFRASTRUCTURE_ADMINISTRATOR_/_SYSTEMS_SPECIALIST;;;;
11;ARTUR GARBULA;;;;;
11;;;;;;
11;;CRE_IT_INFRASTRUCTURE_ADMINISTRATOR_/_SYSTEMS_SPECIALIST;;;;
11;KAMIL OSUCHOWSKI;;;;;
11;;;;;;
11;;CRE_IT_INFRASTRUCTURE_ADMINISTRATOR_/_SYSTEMS_SENIOR_/_CLOUD SPECIALIST;;;;
11;EMMA PATEREK;;;;;
11;;;;;;
11;;CRE_IT_INFRASTRUCTURE_ADMINISTRATOR_/_SYSTEMS_SENIOR_/_CLOUD SPECIALIST;;;;
11;DOMINIK MARCINIAK;;;;;
11;;;;;;
11;;CRE_IT_INFRASTRUCTURE_ADMINISTRATOR_/_SYSTEMS_SENIOR;;;;
11;PAWEŁ ZASKÓRSKI;;;;;
11;;;;;;
11;;CRE_IT_INFRASTRUCTURE_ADMINISTRATOR_/_SYSTEMS_JUNIOR;;;;
11;JAKUB KLECKI;;;;;
11;;;;;;
11;;CRE_IT_SPECIALIST;;;;
11;LANCE WIFFEN;;;;;
11;;;;;;
11;;CRE_IT_SERVICEDESK_MANAGER;;;;
11;ALEKSANDER PAWLIK;;;;;
11;;;;;;
11;;CRE_IT_SERVICEDESK_SPECIALIST;;;;
11;FILIP BARANOWSKI;;;;;
11;;;;;;
11;;CRE_IT_SERVICEDESK_SPECIALIST;;;;
11;WOJCIECH BODZENTO;;;;;
11;;;;;;
11;;CRE_IT_SERVICEDESK_SPECIALIST;;;;
11;ALIAKSANDR HRES;;;;;
11;;;;;;
11;;CRE_IT_IT_ON-SITE_SUPPORT_SPECIALIST;;;;
11;DANIEL ŚNITKO;;;;;
11;;;;;;
11;;CRE_JUNIOR_IT_SERVICEDESK_SPECIALIST;;;;
11;TOMASZ JACKOWIAK;;;;;
11;;;;;;
11;;CRE_IT_SERVICEDESK_SPECIALIST;;;;
11;HUBERT SKŁADOWSKI;;;;;
11;;;;;;
11;;CRE_IT_SERVICEDESK_SPECIALIST;;;;
11;MICHAŁ BRZYWCZY;;;;;
11;;;;;;
11;;CRE_IT_SERVICEDESK_SPECIALIST;;;;
11;PATRYK MICHOWSKI;;;;;
11;;;;;;
11;;CRE_IT_SERVICEDESK_ASSETS_SPECIALIST;;;;
11;KAROLINA JEFIMOW;;;;;
11;;;;;;
11;;CRE_JUNIOR_IT_SERVICEDESK_SPECIALIST;;;;
11;PATRYK WIŚNIEWSKI;;;;;
11;;;;;;
11;;CRE_JUNIOR_IT_SERVICEDESK_SPECIALIST;;;;
11;KAMIL MISALSKI;;;;;
11;;;;;;
11;;CRE_IT_SERVICEDESK_ASSETS_SPECIALIST;;;;
11;MAGDA BUDZIK;;;;;
11;;;;;;
11;;CRE_SENIOR_IT_SERVICEDESK_SPECIALIST;;;;
11;MATEUSZ ZALEWSKI;;;;;
11;;;;;;
11;;CRE_IT_LICENSE_MANAGER;;;;
11;MICHAŁ GAWRYLUK;;;;;
11;;;;;;
11;;CRE_IT_LICENSE_MANAGER;;;;
11;KATARZYNA JANIK - ZAGHDOUDI;;;;;
11;;;;;;
11;;;;;;
11;;;;;;
11;YIGSOFT;;;;;
11;;;;;;
11;;;;;;
11;;credits_YIGSOFT_LEADERSHIP;;;;
11;;;;;;
11;;credits_CEO_STUDIO_HEAD;;;;
11;BENCE HAMBALKÓ;;;;;
11;;;;;;
11;;credits_CO_FOUNDER_GAMEPLAY_LEAD;;;;
11;ÁKOS KÖTE;;;;;
11;;;;;;
11;;credits_HEAD_OF_OFFICE;;;;
11;ENIKŐ NYISTYÁR;;;;;
11;;;;;;
11;;credits_HEAD_OF_HR;;;;
11;DÁVID ZUM;;;;;
11;;;;;;
11;;;;;;
11;;credits_YIGSOFT_CORE_TEAM;;;;
11;;;;;;
11;;credits_PRODUCER;;;;
11;ANITA SZÁM;;;;;
11;;;;;;
11;;credits_TECHNICAL_LEAD;;;;
11;MORITZ BARON;;;;;
11;;;;;;
11;;credits_ENGINE_PROGRAMMERS;;;;
11;DÁNIEL DANDÉ;;;;;
11;EVEN ENTEM;;;;;
11;MÁRTON KÓCZIÁN;;;;;
11;NORBERT LESKOVICS;;;;;
11;PÉTER SZLOBODNYIK;;;;;
11;;;;;;
11;;credits_UI_PROGRAMMERS;;;;
11;LILLA TOMA;;;;;
11;MILENA VELEVA;;;;;
11;;;;;;
11;;;;;;
11;;credits_YIGSOFT_RENDERING_TEAM;;;;
11;;;;;;
11;;credits_PRODUCER;;;;
11;MARKUS LEVANDER;;;;;
11;;;;;;
11;;credits_TECHNICAL_LEAD;;;;
11;MÁRK LÁSZLÓ;;;;;
11;;;;;;
11;;credits_GRAPHICS_PROGRAMMERS;;;;
11;JONI ANTTALAINEN;;;;;
11;ZOLTÁN KÁRPÁTI;;;;;
11;;;;;;
11;;credits_ENGINE_PROGRAMMERS;;;;
11;BÁLINT KISS;;;;;
11;ANDRÁS NÁDOR;;;;;
11;DÁVID SZABÓ;;;;;
11;;;;;;
11;;;;;;
11;;credits_YIGSOFT_SUPPORT_TEAM;;;;
11;;;;;;
11;;credits_TECHNICAL_QUALITY_ASSURANCE_LEAD;;;;
11;MÁTYÁS BASA;;;;;
11;;;;;;
11;;credits_QUALITY_ASSURANCE_SPECIALISTS;;;;
11;FERENC HOJEK;;;;;
11;KRISTÓF NAGY;;;;;
11;ÁDÁM SINKA;;;;;
11;;;;;;
11;;credits_DEVOPS_AND_IT_SPECIALIST;;;;
11;RICHÁRD VERES;;;;;
11;;;;;;
11;;credits_TECHNICAL_WRITER;;;;
11;DORINA VIDA;;;;;
11;;;;;;
11;;;;;;
11;;;;;;
11;SABER INTERACTIVE;;;;;
11;;;;;;
11;;;;;;
11;;CRE_PRESIDENT;;;;
11;MATTHEW KARCH;;;;;
11;;;;;;
11;;CRE_CEO;;;;
11;ANDREY IONES;;;;;
11;;;;;;
11;;credits_CTO;;;;
11;ANTON KRUPKIN;;;;;
11;;;;;;
11;;CRE_TECHNICAL_DIRECTOR;;;;
11;ANDREY GRIGORIEV;;;;;
11;;;;;;
11;;credits_ART_DIRECTOR;;;;
11;DMITRII KHOLODOV;;;;;
11;;;;;;
11;;credits_QA_DIRECTOR;;;;
11;VIKTOR GLYANENKO;;;;;
11;;;;;;
11;;credits_IT_DIRECTOR;;;;
11;VIKTOR STUPKO;;;;;
11;;;;;;
11;;credits_HR_DIRECTOR;;;;
11;YULIYA EGOROVA;;;;;
11;;;;;;
11;;CRE_LEAD_PROGRAMMER;;;;
11;IVAN POPOV;;;;;
11;;;;;;
11;;credits_ENGINE_PROGRAMMERS;;;;
11;ADAM KORKMAZOV;;;;;
11;ALEKSANDR DROZHZHIN;;;;;
11;ALEKSEY PODVERBNY;;;;;
11;ALEKSEY STRELTSOV;;;;;
11;ANATOLII GRIDNEV;;;;;
11;ANDREY DRANKEVICH;;;;;
11;ANDREY KILVEIN;;;;;
11;ANDREY RUSANOV;;;;;
11;ANTON FLOKIN;;;;;
11;ARTEM DIKOV;;;;;
11;DANIIL SMIRNOV;;;;;
11;DMITRII NAZAROV;;;;;
11;DMITRII PANKOV;;;;;
11;EVGENIY GUBENKO;;;;;
11;GEORGIY ZHURAVLEV;;;;;
11;IVAN DANILIN;;;;;
11;MAKSIM DOLIDZE;;;;;
11;MAKSIM KRYLOSOV;;;;;
11;MAKSIM VALEINIS;;;;;
11;MATVEY GREJEKOV;;;;;
11;MIKHAIL KIRIMGEROV;;;;;
11;MIKHAIL TOROSHCHIN;;;;;
11;OLEG SOLYANIK;;;;;
11;PAVEL VERMOVICH;;;;;
11;ROMAN LEBEDEV;;;;;
11;SERGEY MIRONOV;;;;;
11;SERGEY SHULMAN;;;;;
11;VARVARA MAKEEVA;;;;;
11;VASILY KONONENKO;;;;;
11;VITALII EVSTRATOV;;;;;
11;VYACHESLAV MASLOV;;;;;
11;VYACHESLAV RUDAKOV;;;;;
11;YURY ALKEVICH;;;;;
11;ZAKHAR SINGERSKIY;;;;;
11;;;;;;
11;;credits_RENDER_PROGRAMMERS;;;;
11;AIRAT BARAK;;;;;
11;ALEKSANDR PALARAMOV;;;;;
11;ANATOLY LOGACHEV;;;;;
11;ANDREY KONSHIN;;;;;
11;ANDREY SPIVAK;;;;;
11;ANTON EDVARDSSON;;;;;
11;ANTON VASILEV;;;;;
11;DARYA AMBROSOVSKAYA;;;;;
11;DMITRII STAVILEV;;;;;
11;EGOR KOMAROV;;;;;
11;GEORGIY SARKISYAN;;;;;
11;JAVIER SANCHEZ;;;;;
11;MAGNUS ROSEN;;;;;
11;ROMAN BRAYON;;;;;
11;ROSTISLAV MIKHEEV;;;;;
11;TIMOFEY ZVONARSKIJ;;;;;
11;VIKTOR KOLESNIK;;;;;
11;YAROSLAV DMITRIEV-LAPPO;;;;;
11;YURY VLADIMIROV;;;;;
11;;;;;;
11;;credits_GAME_DESIGNERS;;;;
11;FILIPP IVANOV;;;;;
11;MAKSIM LAKOMSKII;;;;;
11;;;;;;
11;;credits_LEAD_TECHNICAL_ARTIST;;;;
11;SERGEY DEMIDOV;;;;;
11;;;;;;
11;;credits_SENIOR_TECHNICAL_ARTIST;;;;
11;KIRILL SEKACHEV;;;;;
11;;;;;;
11;;credits_TECHNICAL_ARTISTS;;;;
11;ALEKSANDR CHEBOCHAKOV;;;;;
11;ALEKSEY KIRILLOV;;;;;
11;ARTEMII SOKOLOV;;;;;
11;BOGDAN SHCHERBAK;;;;;
11;GEORGIY BELYAEV;;;;;
11;KIRILL ZHARKIKH;;;;;
11;NATALIA KOZLOVSKAYA;;;;;
11;TATIANA GOMZHINA;;;;;
11;;;;;;
11;;credits_LEAD_UI_ARTIST;;;;
11;ALEKSEY MELNIKOV;;;;;
11;;;;;;
11;;credits_SENIOR_UI_ARTIST;;;;
11;OKSANA BUROVA;;;;;
11;;;;;;
11;;credits_HEAD_OF_TEXTURING_DEPARTMENT;;;;
11;ELENA TARNOVSKAYA;;;;;
11;;;;;;
11;;CRE_SENIOR_TEXTURE_ARTIST;;;;
11;ALEKSEY KONNOV;;;;;
11;ANTON SUMERIN;;;;;
11;;;;;;
11;;CRE_LEAD_CHARACTER_ARTIST;;;;
11;MAKSIM NEZVANOV;;;;;
11;;;;;;
11;;credits_JUNIOR_CHARACTER_ARTISTS;;;;
11;EGOR RUMYANTSEV;;;;;
11;KONSTANTIN BATUKHTIN;;;;;
11;;;;;;
11;;CRE_PRODUCER;;;;
11;ANASTASIA FATINA;;;;;
11;;;;;;
11;;credits_ASSOCIATE_PRODUCERS;;;;
11;ALEKSANDRA LARTSEVA;;;;;
11;VLADISLAVA MASHKOVSKAYA;;;;;
11;;;;;;
11;;credits_LEAD_QA;;;;
11;DARIA KASIMANOVA;;;;;
11;DMITRII KHOROSHIKH;;;;;
11;;;;;;
11;;credits_QA_TESTERS;;;;
11;ANASTASIYA BERDENNIKOVA;;;;;
11;ANDREY EROFEEV;;;;;
11;ANDREY SHAPOSHNIK;;;;;
11;ARSENII PRIIMAKOV;;;;;
11;ARTUR PAKHOMOV;;;;;
11;BORIS SHKENEV;;;;;
11;DMITRII KRUGLIKOV;;;;;
11;EVGENII DOLGOSHEEV;;;;;
11;EVGENII TSAPAEV;;;;;
11;IGOR DEMINSKII;;;;;
11;IRINA UGODNIKOVA;;;;;
11;IRINA ZHIGZHITOVA;;;;;
11;LYUDMILA NAZAROVA;;;;;
11;ROMAN FIRSOV;;;;;
11;STANISLAV ALESHIN;;;;;
11;SVYATOSLAV ZEMSKIKH;;;;;
11;VADIM ALEKHIN;;;;;
11;VADIM GRECHIN-MIRONOV;;;;;
11;YANA SAZHINA;;;;;
11;YAROSLAV VERESHCHAGIN;;;;;
11;;;;;;
11;;CRE_IT_SPECIALIST;;;;
11;ALBERT KOSAREV;;;;;
11;ALEKSEI TSYBIN;;;;;
11;ANATOLII ZIMOVSKII;;;;;
11;ARTHUR AGADZHANOV;;;;;
11;IVAN LEBEDEV;;;;;
11;NATALIA DAEVA;;;;;
11;RUSLAN BASIMOV;;;;;
11;SERGEY SILCHIN;;;;;
11;VLADISLAV YAKUSHENKO;;;;;
11;;;;;;
11;;CRE_ADMINISTRATION;;;;
11;LEYLA NOVRUZOVA;;;;;
11;NATALIA LEDIAEVA;;;;;
11;VIKTORIYA KOLGANOVA;;;;;
11;;;;;;
11;;credits_HR_SPECIALIST;;;;
11;ANASTASIA KURNOSOVA;;;;;
11;ELENA MATVEENKO;;;;;
11;IURII KURASHOV;;;;;
11;LUBOV KUZNETSOVA;;;;;
11;MARIIA IANKO;;;;;
11;TATJANA ARSAKOVA;;;;;
11;ZOIA MASLOVA;;;;;
11;;;;;;
11;;credits_FINANCE_ACCOUNTING_MANAGERS;;;;
11;MARIYA REZNIKOVA;;;;;
11;YANA BONDAR;;;;;
11;;;;;;
11;;;;;;
11;;;;;;
11;QLOC S.A.;;;;;
11;;;;;;
11;;;;;;
11;;credits_GENERAL_MANAGER;;;;
11;ADAM PIESIAK;;;;;
11;;;;;;
11;;credits_HEAD_OF_BUSINESS_DEVELOPMENT;;;;
11;PAWEŁ KSIĄŻEK;;;;;
11;;;;;;
11;;credits_BUSINESS_DEVELOPMENT_DIRECTOR;;;;
11;PAWEŁ ZIAJKA;;;;;
11;;;;;;
11;;CRE_BUSINESS_DEVELOPMENT_MANAGER;;;;
11;ADRIAN CZERWIŃSKI;;;;;
11;;;;;;
11;;credits_DIRECTOR_OF_QUALITY_ASSURANCE;;;;
11;SERGIUSZ ŚLOSARCZYK;;;;;
11;;;;;;
11;;credits_QA_OPERATIONS_MANAGER;;;;
11;PAWEŁ STRZELCZYK;;;;;
11;;;;;;
11;;credits_LEAD_QA_PROJECT_MANAGER;;;;
11;JAKUB DUDKOWSKI;;;;;
11;;;;;;
11;;credits_SENIOR_QA_PROJECT_MANAGER;;;;
11;MARCIN GÓRNIAK;;;;;
11;;;;;;
11;;credits_SENIOR_QA_COMPLIANCE_MANAGER;;;;
11;JACEK FAJFER;;;;;
11;;;;;;
11;;credits_QA_LAB_MANAGERS;;;;
11;PIOTR BADUREK;;;;;
11;EMIL LUBOWICKI;;;;;
11;ŁUKASZ MIROSŁAWSKI;;;;;
11;TOMASZ PRUSICKI;;;;;
11;;;;;;
11;;credits_QA_TEAM_LEADERS;;;;
11;MARTA CZEKALSKA;;;;;
11;KAROLINA JAGNYZIAK;;;;;
11;JAN KUZIOR;;;;;
11;BARTOSZ MIĘTEK;;;;;
11;MICHAŁ MUGERMAN;;;;;
11;JAN ROZBICKI;;;;;
11;MICHAŁ SALAMONIK;;;;;
11;NIKO ŻÓŁKOWSKI;;;;;
11;;;;;;
11;;credits_QA_COMPLIANCE_ENGINEERS;;;;
11;JÓSEF BRZOSTEK;;;;;
11;KAMIL KANIA;;;;;
11;DOROTA KOBYLAŃSKA;;;;;
11;MACIEJ KORABOWICZ;;;;;
11;DOMINIKA KOWALSKA;;;;;
11;KINGA KOWALCZYK;;;;;
11;MATEUSZ KOZIARZ;;;;;
11;ALICJA ŁOJEWSKA;;;;;
11;KAMILA ŁOPATA;;;;;
11;ROBERT NGUYEN;;;;;
11;JAN NOWAKOWSKI;;;;;
11;MACIEJ OLEKSÓW;;;;;
11;MICHAŁ POGORZELEC;;;;;
11;MACIEJ SADOWSKI;;;;;
11;SEBASTIAN STOLARCZYK;;;;;
11;PIOTR SZYSZKA;;;;;
11;MATEUSZ TOPOLEWSKI;;;;;
11;MACIEJ WOJNIŁŁO;;;;;
11;;;;;;
11;;credits_QA_TESTERS;;;;
11;MICHAŁ ANDRZEJEWSKI;;;;;
11;KRYSTIAN BAS;;;;;
11;NIKITA BEZNOSYKOV;;;;;
11;JAKUB BLACHA;;;;;
11;PATRYK BLICHARZ;;;;;
11;KAMIL BOGUSZEWSKI;;;;;
11;JULIA BOROWICZ;;;;;
11;SAAD BOUCHEBKA;;;;;
11;MACIEJ BUĆKO;;;;;
11;IRENEUSZ BUKACIŃSKI;;;;;
11;STANISŁAW DUL;;;;;
11;MAGDALENA DZIEMIŃSKA;;;;;
11;KAROLINA GADOMSKA;;;;;
11;RAFAŁ GODLEWSKI;;;;;
11;PAWEŁ HERTER;;;;;
11;HUBERT JACASZEK;;;;;
11;KAROLINA JAŹWIŃSKA;;;;;
11;ARKADIUSZ KŁYK;;;;;
11;WOJCIECH KRUKOWSKI;;;;;
11;PIOTR KULESZA;;;;;
11;ANDREI LADOSHKA;;;;;
11;MACIEJ LATAŁA;;;;;
11;MATEUSZ ŁĘCKI;;;;;
11;DOMINIK ŁOPUSZAŃSKI;;;;;
11;MATEUSZ MAĆKOWSKI;;;;;
11;PRZEMYSŁAW MAKAREWICZ;;;;;
11;MIKOŁAJ MAJKUTEWICZ;;;;;
11;JACEK MĄKOSA;;;;;
11;KACPER MOKOSA;;;;;
11;ROBERT NGUYEN;;;;;
11;ABEL NIWIŃSKI;;;;;
11;MACIEJ PŁUSKA;;;;;
11;JAN RADZIEJEWSKI;;;;;
11;PIOTR RAJCHMAN;;;;;
11;MARIUSZ RODZOŚ;;;;;
11;BARTOSZ ROJEK;;;;;
11;PAWEŁ ROZBICKI;;;;;
11;DAVID RUSZKOWSKI;;;;;
11;MACIEJ SADOWSKI;;;;;
11;MAGDA SAREŁŁO;;;;;
11;JOANNA SOŁTYSIAK;;;;;
11;YULIIA SOROKA;;;;;
11;PAULINA STAŃCZAK;;;;;
11;MIKOŁAJ STAWIŃSKI;;;;;
11;MIKOŁAJ STOLARSKI;;;;;
11;MIKOŁAJ SZYMAŃSKI;;;;;
11;PATRYK SZYMAŃSKI;;;;;
11;MATEUSZ SZYSZKA;;;;;
11;MAKSYMILIAN ULJASZ;;;;;
11;NATALIA WARCHOŁ;;;;;
11;ZUZANNA WIERTLEWSKA;;;;;
11;KACPER WIERZBICKI;;;;;
11;KAMIL WIĘCŁAWSKI;;;;;
11;MACIEJ WOJNIŁŁO;;;;;
11;TOMASZ ZIÓŁKOWSKI;;;;;
11;TOMASZ ZUBA;;;;;
11;OSKAR ŻURAWSKI;;;;;
11;;;;;;
11;;credits_QA_TRAINING_MANAGER;;;;
11;MICHAŁ RACZYŃSKI;;;;;
11;;;;;;
11;;credits_LEARNING_DEVELOPMENT_COORDINATOR;;;;
11;ALEKSANDRA GRIGORIAN-KOPKA;;;;;
11;;;;;;
11;;credits_LEARNING_DEVELOPMENT_SPECIALISTS;;;;
11;MICHAŁ GRABUŚ;;;;;
11;DAMIAN JASIŃSKI;;;;;
11;;;;;;
11;;credits_IT_DIRECTOR;;;;
11;ARTUR SZCZURZYŃSKI;;;;;
11;;;;;;
11;;;;;;
11;;;;;;
11;NVIDIA;;;;;
11;;;;;;
11;;;;;;
11;;credits_PROJECT_MANAGERS;;;;
11;GEORGE SCOTTO;;;;;
11;JON STORY;;;;;
11;;;;;;
11;;CRE_PRODUCER;;;;
11;DEAN BENT;;;;;
11;;;;;;
11;;credits_ENGINEER;;;;
11;JIHO CHOI;;;;;
11;LEROY SIKKES;;;;;
11;DENIS BARKAR;;;;;
11;ALEXEY BARKOVOY;;;;;
11;IVAN FEDOROV;;;;;
11;IVAN POVAROV;;;;;
11;IVAN ZINKEVICH;;;;;
11;OLI WRIGHT;;;;;
11;;;;;;
11;;credits_QA_ENGINEER;;;;
11;KIRILL ARTYOMKIN;;;;;
11;KIRILL ANTIPENKOV;;;;;
11;ALEXEY MASTOV;;;;;
11;FEDOR GATOV;;;;;
11;VITALY KURIN;;;;;
11;DMITRY POKUSAEV;;;;;
11;VLADIMIR MULABAEV;;;;;
11;;;;;;
11;;;;;;
11;;;;;;
11;AMD;;;;;
11;;;;;;
11;;;;;;
11;;CRE_SR_DIRECTOR_GAME_ENGINEERING;;;;
11;NICOLAS THIBIEROZ;;;;;
11;;;;;;
11;;CRE_SR_MANAGER_DEVELOPER_RELATION;;;;
11;KEVIN STRANGE;;;;;
11;;;;;;
11;;CRE_SR_MANAGER_GAME_ENGINEERING;;;;
11;JONAS GUSTAVSSON;;;;;
11;;;;;;
11;;CRE_ALLIANCE_MANAGER;;;;
11;KRISTOFER ROSE;;;;;
11;;;;;;
11;;CRE_DEVELOPER_TECHNOLOGY_ENGINEER;;;;
11;ADAM SAWICKI;;;;;
11;ŁUKASZ IZDEBSKI;;;;;
11;;;;;;
11;;;;;;
11;;;;;;
11;INTEL;;;;;
11;;;;;;
11;;;;;;
11;;credits_SENIOR_DEVELOPER_RELATIONS_ENGINEER;;;;
11;BARTOSZ BOCZULA;;;;;
11;;;;;;
11;;credits_SENIOR_DEVELOPER_RELATIONS_MANAGER;;;;
11;ARTUR MAKSARA;;;;;
11;;;;;;
11;;cre_Graphics_DW_Developement_Engieneer;;;;
11;RAFAŁ JAŚNIAK;;;;;
11;;;;;;
11;;;;;;
11;;;****;;;
11;;;;;;
11;;;;;;
11;;;;;;
11;;credits_VO_RECORDING_AND_TRANSLATION;;;;
11;;;;;;
11;;;;;;
11;;;;;;
11;;credits_ENGLISH;;;;
11;;;;;;
11;;;;;;
11;;credits_ENGLISH_VOICEOVERS;;;;
11;SIDE LONDON;;;;;
11;;;;;;
11;;credits_ARTISTIC_SUPERVISION_CPR;;;;
11;BORYS PUGACZ-MURASZKIEWICZ;;;;;
11;;;;;;
11;;credits_CASTING;;;;
11;MARTIN VAUGHAN;;;;;
11;;;;;;
11;;credits_PROJECT_MANAGEMENT;;;;
11;SIMONNE LOCKWOOD;;;;;
11;;;;;;
11;;CRE_CASTING;;;;
11;KIM PEARCE;;;;;
11;;;;;;
11;;credits_AUDIO_ENGINEERING;;;;
11;JOSH HUTTON;;;;;
11;;;;;;
11;;credits_DIALOGUE_POSTPRO;;;;
11;EDWARD TOWERS;;;;;
11;;;;;;
11;;;;;;
11;;;;;;
11;;credits_POLISH;;;;
11;;;;;;
11;;;;;;
11;;credits_POLISH_VOICEOVERS;;;;
11;TOSTUDIO;;;;;
11;;;;;;
11;;credits_ARTISTIC_SUPERVISION_CPR;;;;
11;KATARZYNA KRAIŃSKA;;;;;
11;;;;;;
11;;credits_PROJECT_MANAGER;;;;
11;ALEKSANDER CHERCZYŃSKI;;;;;
11;;;;;;
11;;credits_VOICE_DIRECTOR;;;;
11;GRZEGORZ KWIECIEŃ;;;;;
11;;;;;;
11;;CRE_RECORDING_ENGINEER;;;;
11;ALEKSANDER CHERCZYŃSKI;;;;;
11;;;;;;
11;;;;;;
11;;;;;;
11;;credits_GERMAN;;;;
11;;;;;;
11;;;;;;
11;;credits_GERMAN_LOCALIZATION;;;;
11;GLOBALOC GMBH;;;;;
11;;;;;;
11;;credits_ARTISTIC_SUPERVISION_CPR;;;;
11;MIKOŁAJ SZWED;;;;;
11;;;;;;
11;;credits_HEAD_OF_LOCALIZATION;;;;
11;PATRICK FUCHS;;;;;
11;;;;;;
11;;CRE_LOCALISATION_PROJECT_MANAGER;;;;
11;NORMAN QUAST;;;;;
11;;;;;;
11;;credits_TRANSLATION;;;;
11;SOPHIE ALMER;;;;;
11;TOBIAS HEINZE;;;;;
11;;;;;;
11;;credits_AUDIO_PROJECT_MANAGER;;;;
11;HORST BAUMANN;;;;;
11;;;;;;
11;;credits_STUDIO_MANAGER;;;;
11;OTTO PINTO;;;;;
11;;;;;;
11;;credits_RECORDING_MANAGER;;;;
11;DIRK LEWTSCHENKO;;;;;
11;;;;;;
11;;credits_ACCOUNT_MANAGER;;;;
11;DANIEL LANGER;;;;;
11;;;;;;
11;;credits_VOICE_DIRECTOR;;;;
11;DAVID RIEDEL;;;;;
11;;;;;;
11;;CRE_RECORDING_ENGINEER;;;;
11;OTTO PINTO;;;;;
11;;;;;;
11;;credits_POST_PRODUCTION;;;;
11;HANNA KOPEL;;;;;
11;OTTO PINTO;;;;;
11;;;;;;
11;;credits_AUDIO_QA_MANAGER;;;;
11;TOBIAS KRZESLAK;;;;;
11;;;;;;
11;;credits_AUDIO_QA;;;;
11;HANNA KOPEL;;;;;
11;;;;;;
11;;;;;;
11;;;;;;
11;;credits_FRENCH;;;;
11;;;;;;
11;;;;;;
11;;credits_FRENCH_LOCALIZATION;;;;
11;KEYWORDS STUDIOS FRANCE;;;;;
11;;;;;;
11;;credits_ARTISTIC_SUPERVISION_CPR;;;;
11;DAVID TRIEU;;;;;
11;;;;;;
11;;CRE_LOCALISATION_PROJECT_MANAGER;;;;
11;NATHALIE FEUCHT;;;;;
11;;;;;;
11;;credits_TRANSLATION;;;;
11;FRANÇOIS POPIEUL;;;;;
11;;;;;;
11;;credits_RECORDING_STUDIO;;;;
11;KEYWORDS STUDIOS FRANCE;;;;;
11;;;;;;
11;;credits_PRODUCTION_MANAGER;;;;
11;HORTENSE OUDOT;;;;;
11;;;;;;
11;;credits_VOICE_DIRECTOR;;;;
11;GUILLAUME OZOUF;;;;;
11;;;;;;
11;;CRE_RECORDING_ENGINEER;;;;
11;MAXIME ROCCA-SERRA;;;;;
11;;;;;;
11;;;;;;
11;;;;;;
11;;credits_ITALIAN;;;;
11;;;;;;
11;;;;;;
11;;credits_ITALIAN_LOCALIZATION;;;;
11;KEYWORDS STUDIOS ITALY;;;;;
11;;;;;;
11;;credits_ARTISTIC_SUPERVISION_CPR;;;;
11;MARTA CANNILLA;;;;;
11;;;;;;
11;;CRE_LOCALIZATION_PRODUCER;;;;
11;EMANUELE  SCICHILONE;;;;;
11;;;;;;
11;;CRE_LOCALISATION_PROJECT_MANAGER;;;;
11;CAROLIN SCHNEIDER;;;;;
11;;;;;;
11;;credits_TRANSLATION;;;;
11;PAOLO CARONNI;;;;;
11;;;;;;
11;;CRE_TEXT_EDITING;;;;
11;ANDREA FRANCESCHI;;;;;
11;;;;;;
11;;;;;;
11;;;;;;
11;;credits_CASTILIAN_SPANISH;;;;
11;;;;;;
11;;;;;;
11;;credits_SPANISH_LOCALIZATION;;;;
11;PERFECT SOUND;;;;;
11;;;;;;
11;;credits_ARTISTIC_SUPERVISION_CPR;;;;
11;MARÍA DE LOS ÁNGELES RODRÍGUEZ MARRERO;;;;;
11;;;;;;
11;;CRE_LOCALISATION_PROJECT_MANAGER;;;;
11;SILVIA PRADINI;;;;;
11;;;;;;
11;;credits_TRANSLATION;;;;
11;ALEJANDRO MUÑOZ DÍAZ;;;;;
11;;;;;;
11;;CRE_TEXT_EDITING;;;;
11;CRISTINA HERRAIZ OLIVAS;;;;;
11;;;;;;
11;;;;;;
11;;;;;;
11;;credits_BRAZILIAN_PORTUGUESE;;;;
11;;;;;;
11;;;;;;
11;;credits_BRAZILIAN_PORTUGESE_LOCALIZATION;;;;
11;CORE DREAM STUDIO;;;;;
11;;;;;;
11;;credits_ARTISTIC_SUPERVISION_CPR;;;;
11;WALDEMAR PEREIRA PIEKARSKI;;;;;
11;;;;;;
11;;CRE_CEO;;;;
11;GUSTAVO NADER;;;;;
11;;;;;;
11;;CRE_LEAD_ARTISTIC_DIRECTOR;;;;
11;GUSTAVO NADER;;;;;
11;;;;;;
11;;CRE_LOCALISATION_PROJECT_MANAGER;;;;
11;DANIEL ZANDONADI;;;;;
11;;;;;;
11;;CRE_LOCALISATION_PROJECT_MANAGER;;;;
11;LEONARDO ALVES;;;;;
11;;;;;;
11;;credits_TRANSLATION;;;;
11;AYRTON JOST;;;;;
11;;;;;;
11;;CRE_TEXT_EDITING;;;;
11;DANIEL ZANDONADI;;;;;
11;;;;;;
11;;CRE_RECORDING_ENGINEER;;;;
11;EDSON DIAS;;;;;
11;;;;;;
11;;CRE_RECORDING_ENGINEER;;;;
11;GABRIEL BESSA;;;;;
11;;;;;;
11;;CRE_RECORDING_ENGINEER;;;;
11;INGO LYRIO;;;;;
11;;;;;;
11;;CRE_RECORDING_ENGINEER;;;;
11;THASSIO NASCIMENTO;;;;;
11;;;;;;
11;;;;;;
11;;;;;;
11;;credits_TRADITIONAL_CHINESE;;;;
11;;;;;;
11;;;;;;
11;;credits_TRADITIONAL_CHINESE_LOCALIZATION;;;;
11;D TEAM;;;;;
11;;;;;;
11;;CRE_LOCALISATION_PROJECT_MANAGER;;;;
11;DEBBIE CHU;;;;;
11;;;;;;
11;;credits_TRANSLATION;;;;
11;DEBBIE CHU;;;;;
11;;;;;;
11;;credits_PROOFREADING;;;;
11;DEBBIE CHU;;;;;
11;MAX NIEN;;;;;
11;;;;;;
11;;;;;;
11;;;;;;
11;;credits_CZECH;;;;
11;;;;;;
11;;;;;;
11;;credits_CZECH_LOCALIZATION;;;;
11;ALETHLOC;;;;;
11;;;;;;
11;;CRE_LOCALISATION_PROJECT_MANAGER;;;;
11;FILIP ŽENÍŠEK;;;;;
11;;;;;;
11;;credits_TRANSLATION;;;;
11;FILIP ŽENÍŠEK;;;;;
11;;;;;;
11;;credits_PROOFREADING;;;;
11;ADAM HUDEC;;;;;
11;;;;;;
11;;;;;;
11;;;;;;
11;;credits_HUNGARIAN;;;;
11;;;;;;
11;;;;;;
11;;credits_HUNGARIAN_LOCALIZATION;;;;
11;QLOC S.A.;;;;;
11;;;;;;
11;;CRE_LOCALISATION_PROJECT_MANAGER;;;;
11;MARTA KARWOWSKA;;;;;
11;;;;;;
11;;CRE_LOCALISATION_PROJECT_MANAGER;;;;
11;ADRIÁN KOVÁCS;;;;;
11;;;;;;
11;;credits_TRANSLATION;;;;
11;ANDRÁS PÉTERFI;;;;;
11;;;;;;
11;;CRE_TEXT_EDITING;;;;
11;ZSOLT JAKAB;;;;;
11;;;;;;
11;;;;;;
11;;;;;;
11;;credits_RUSSIAN;;;;
11;;;;;;
11;;;;;;
11;;credits_RUSSIAN_LOCALIZATION;;;;
11;THE MOST GAMES;;;;;
11;;;;;;
11;;credits_ARTISTIC_SUPERVISION_CPR;;;;
11;ALEXANDER RADKEVICH;;;;;
11;;;;;;
11;;credits_LOCALIZATION_MANAGEMENT;;;;
11;MIKHAIL BRYUKHANOV;;;;;
11;DMITRY VYROSTKOV;;;;;
11;;;;;;
11;;credits_TRANSLATION;;;;
11;YURI ANDREYCHUK;;;;;
11;;;;;;
11;;CRE_TEXT_EDITING;;;;
11;YULIANA BREZHNEVA;;;;;
11;;;;;;
11;;credits_PROOFREADING;;;;
11;YULIA IZMAYLOVA;;;;;
11;SVETLANA KRYUCHKOVA;;;;;
11;NADEZHDA MARTYNOVA;;;;;
11;YULIA SOBOLEVA;;;;;
11;;;;;;
11;;credits_RECORDING_STUDIO;;;;
11;VOX RECORDS;;;;;
11;;;;;;
11;;credits_VOICE_DIRECTOR;;;;
11;EVELINA NOVIKOVA;;;;;
11;;;;;;
11;;credits_VOICE_RECORDING_ENGINEERS;;;;
11;ALEKSANDR AKIMOV;;;;;
11;OLEG SULIMOV;;;;;
11;ALEKSANDR TRUKHAN;;;;;
11;;;;;;
11;;credits_LOCALIZATION_QA;;;;
11;THE MOST GAMES;;;;;
11;;;;;;
11;;credits_HEAD_LOCALIZATION_QA;;;;
11;DMITRY KLIMOV;;;;;
11;;;;;;
11;;CRE_LOCALIZATION_LEAD_TESTER:;;;;
11;EKATERINA PODSEVALOVA;;;;;
11;;;;;;
11;;CRE_TESTERS;;;;
11;ANNA ABAEVA;;;;;
11;ANDREI ANTONOV;;;;;
11;EKATERINA GERASKINA;;;;;
11;ALEXEY KISELYOV;;;;;
11;ANASTASIA KHUDIKOVA;;;;;
11;ANTON KORSAKOV;;;;;
11;VICTORIA LAVRENTYEVA;;;;;
11;SANA MILLER;;;;;
11;TATIANA SAENKO;;;;;
11;;;;;;
11;;;;;;
11;;;;;;
11;;credits_KOREAN;;;;
11;;;;;;
11;;;;;;
11;;CRE_KOREAN_LOCALIZATION;;;;
11;MUSAI STUDIO CO., LTD.;;;;;
11;;;;;;
11;;credits_PROJECT_MANAGER;;;;
11;DOOYOUNG KIM;;;;;
11;;;;;;
11;;credits_PROJECT_MANAGER;;;;
11;JIEUN KIM;;;;;
11;;;;;;
11;;credits_TRANSLATION;;;;
11;JONGHYUN YEOM;;;;;
11;;;;;;
11;;CRE_TEXT_EDITING;;;;
11;INHO CHOI;;;;;
11;;;;;;
11;;CRE_TEXT_EDITING;;;;
11;NAYOUNG HWANG;;;;;
11;;;;;;
11;;credits_KOREAN_ADAPTATION_DIRECTOR;;;;
11;JAEWOON YU;;;;;
11;;;;;;
11;;credits_KOREAN_ADAPTATION_SPECIALISTS;;;;
11;SIA HAN;;;;;
11;RENO SONG;;;;;
11;MINJIN KIM;;;;;
11;NAYOUNG HWANG;;;;;
11;INHO CHOI;;;;;
11;DOOYOUNG KIM;;;;;
11;JONGHYUN YEOM;;;;;
11;;;;;;
11;;credits_RECORDING_STUDIO;;;;
11;MUSAI STUDIO CO., LTD.;;;;;
11;;;;;;
11;;credits_AUDIO_PROJECT_MANAGER;;;;
11;MICHAEL KONG;;;;;
11;;;;;;
11;;CRE_VOICE_DIRECTORS;;;;
11;INWOOK YI;;;;;
11;CHANGHYEON RYU;;;;;
11;;;;;;
11;;credits_AUDIO_DIRECTOR;;;;
11;MICHAEL KONG;;;;;
11;;;;;;
11;;credits_SOUND_ENGINEERS;;;;
11;HYUNJOO MOON;;;;;
11;YUJONG HA;;;;;
11;JINA RYU;;;;;
11;JIYOON YU;;;;;
11;;;;;;
11;;credits_AUDIO_QA;;;;
11;YUJONG HA;;;;;
11;JINA RYU;;;;;
11;JIYOON YU;;;;;
11;;;;;;
11;;credits_CAST;;;;
11;;;;;;
11;;credits_GERALT;;;;
11;SUNG HOON JUNG;;;;;
11;;;;;;
11;;credits_YENNEFER;;;;
11;DA SEUL LEE;;;;;
11;;;;;;
11;;credits_CIRI;;;;
11;HYUN JUNG JO;;;;;
11;;;;;;
11;;credits_TRISS;;;;
11;YU RI LEE;;;;;
11;;;;;;
11;;credits_KEIRA;;;;
11;YOON MI YUH;;;;;
11;;;;;;
11;;credits_BARON;;;;
11;JANG WON LEE;;;;;
11;;;;;;
11;;credits_LAMBERT;;;;
11;SUNG TAE PARK;;;;;
11;;;;;;
11;;credits_DIJKSTRA;;;;
11;GYU CHANG LEE;;;;;
11;;;;;;
11;;credits_DANDELION;;;;
11;SANG HYUN UM;;;;;
11;;;;;;
11;;credits_ZOLTAN_CHIVAY;;;;
11;JANG HYUK AHN;;;;;
11;;;;;;
11;;credits_CERYS_AN_CRAITE;;;;
11;YUL KIM;;;;;
11;;;;;;
11;;credits_HJALMAR_AN_CRAITE;;;;
11;CHANG YOUNG HWANG;;;;;
11;;;;;;
11;;credits_AVALLACH;;;;
11;IN SUNG OH;;;;;
11;;;;;;
11;;credits_ESKEL;;;;
11;CHANG WOOK KWON;;;;;
11;;;;;;
11;;credits_CRACH_AN_CRAITE;;;;
11;JUNG HOON KIM;;;;;
11;;;;;;
11;;credits_ERMION;;;;
11;SANG HOON PARK;;;;;
11;;;;;;
11;;credits_VESEMIR;;;;
11;SUNG JOON BANG;;;;;
11;;;;;;
11;;credits_PRISCILLA;;;;
11;MI NA LEE;;;;;
11;;;;;;
11;;credits_EMHYR_VAR_EMREIS;;;;
11;SEUNG HAN SHIM;;;;;
11;;;;;;
11;;credits_SHANI;;;;
11;HARRY JUN;;;;;
11;;;;;;
11;;credits_OLGIERD;;;;
11;HYO MIN AN;;;;;
11;;;;;;
11;;credits_MIRROR;;;;
11;KI CHUL KIM;;;;;
11;;;;;;
11;;credits_VLOD;;;;
11;JAE HUN JUNG;;;;;
11;;;;;;
11;;credits_IRIS;;;;
11;MYUNG HEE LEE;;;;;
11;;;;;;
11;;credits_VIVALDI;;;;
11;NAK YOON CHOI;;;;;
11;;;;;;
11;;credits_HORST;;;;
11;IN SEOK LEE;;;;;
11;;;;;;
11;;credits_EWALD;;;;
11;HYUN LEE;;;;;
11;;;;;;
11;;credits_ANNAHENRIETTA;;;;
11;SHIN HEE PARK;;;;;
11;;;;;;
11;;credits_SYANNA;;;;
11;YEON SO;;;;;
11;;;;;;
11;;credits_REGIS;;;;
11;GYU CHANG LEE;;;;;
11;;;;;;
11;;credits_DAMIEN;;;;
11;SANG BEOM LEE;;;;;
11;;;;;;
11;;credits_DETTLAFF;;;;
11;HAN CHOI;;;;;
11;;;;;;
11;;CRE_ADDITIONAL_VOICES;;;;
11;DUBOOYEON;;;;;
11;HANDONGSUK;;;;;
11;HANRYANG1125;;;;;
11;SADDUMMY;;;;;
11;SHERY;;;;;
11;;;;;;
11;;credits_LOCALIZATION_QA;;;;
11;MUSAI STUDIO CO., LTD.;;;;;
11;;;;;;
11;;credits_LQA_PROJECT_LEADS;;;;
11;RENO SONG;;;;;
11;;;;;;
11;;credits_QA_TESTERS;;;;
11;YUJONG HA;;;;;
11;YOONSEOK CHOI;;;;;
11;NAYOUNG HWANG;;;;;
11;MINJIN KIM;;;;;
11;JAEWOON YU;;;;;
11;;;;;;
11;;;;;;
11;;;;;;
11;;credits_JAPANESE;;;;
11;;;;;;
11;;;;;;
11;;credits_JAPANESE_LOCALIZATION;;;;
11;ENTALIZE CO., LTD.;;;;;
11;;;;;;
11;;credits_ARTISTIC_SUPERVISION_CPR;;;;
11;YUKI NISHIO;;;;;
11;;;;;;
11;;credits_RECORDING_STUDIO;;;;
11;ENTALIZE CO., LTD.;;;;;
11;;;;;;
11;;;;;;
11;;;;;;
11;;credits_LATAM_SPANISH;;;;
11;;;;;;
11;;;;;;
11;;credits_LATAM_SPANISH_LOCALIZATION;;;;
11;PERFECT SOUND;;;;;
11;;;;;;
11;;credits_ARTISTIC_SUPERVISION_CPR;;;;
11;MARÍA DE LOS ÁNGELES RODRÍGUEZ MARRERO;;;;;
11;;;;;;
11;;CRE_LOCALISATION_PROJECT_MANAGER;;;;
11;SILVIA PRADINI;;;;;
11;;;;;;
11;;credits_TRANSLATION;;;;
11;EUGENIA JIMÉNEZ;;;;;
11;;;;;;
11;;;;;;
11;;;;;;
11;;credits_ARABIC;;;;
11;;;;;;
11;;;;;;
11;;credits_ARABIC_LOCALIZATION;;;;
11;ARLATION;;;;;
11;;;;;;
11;;CRE_LOCALIZATION_MANAGER;;;;
11;KHALED ELMANCY;;;;;
11;;;;;;
11;;CRE_LOCALISATION_PROJECT_MANAGER;;;;
11;AMR HASSAN;;;;;
11;;;;;;
11;;CRE_TRANSLATORS;;;;
11;ABDALLAH KAREM;;;;;
11;ABDALLAH AMIN;;;;;
11;HAZEM OUDA;;;;;
11;IMAN IBRAHIM;;;;;
11;SIEF EL-DEEN MOHAMED;;;;;
11;RIAD ANWER;;;;;
11;;;;;;
11;;;;;;
11;;;;;;
11;;credits_TURKISH;;;;
11;;;;;;
11;;;;;;
11;;credits_TURKISH_LOCALIZATION;;;;
11;23 STUDIOS;;;;;
11;;;;;;
11;;credits_PROJECT_MANAGER;;;;
11;GÖRKEM KUTLU;;;;;
11;;;;;;
11;;credits_TRANSLATION;;;;
11;ONUR SAATCIOĞLU;;;;;
11;;;;;;
11;;;;;;
11;;;;;;
11;;credits_SIMPLIFIED_CHINESE;;;;
11;;;;;;
11;;;;;;
11;;credits_SIMPLIFIED_CHINESE_LOCALIZATION;;;;
11;DIMLIGHT STUDIO;;;;;
11;;;;;;
11;;credits_SENIOR_PRODUCTION_MANAGER;;;;
11;MING MA;;;;;
11;;;;;;
11;;credits_SENIOR_PRODUCTION_MANAGER;;;;
11;NEUNUNDNEUNZIG;;;;;
11;;;;;;
11;;credits_JUNIOR_PROJECT_MANAGER;;;;
11;TINGTING CHEN;;;;;
11;RUOFAN HE;;;;;
11;WENJING QIN;;;;;
11;YU CHEN;;;;;
11;;;;;;
11;;credits_TRANSLATION;;;;
11;ALEX ZHOU;;;;;
11;ALBERIC;;;;;
11;XIAOMENG WANG;;;;;
11;NEUNUNDNEUNZIG;;;;;
11;;;;;;
11;;CRE_TEXT_EDITING;;;;
11;NEUNUNDNEUNZIG;;;;;
11;;;;;;
11;;credits_PROOFREADING;;;;
11;MING MA;;;;;
11;;;;;;
11;;credits_RECORDING_STUDIO;;;;
11;SPRING MEDIA STUDIO;;;;;
11;PHOENIX LIAONING STUDIO (SHENYANG);;;;;
11;;;;;;
11;;credits_AUDIO_PROJECT_MANAGER;;;;
11;AIDA CAO;;;;;
11;YIZHEN HONG;;;;;
11;;;;;;
11;;CRE_VOICE_DIRECTORS;;;;
11;HAITIAN HONG;;;;;
11;SYLVIA WOO;;;;;
11;YI LIU (SHENYANG);;;;;
11;SHENGZHANG DONG;;;;;
11;HAOTIAN CHEN;;;;;
11;YAXIN WANG;;;;;
11;RUIKANG XIONG;;;;;
11;ZIYI QIN;;;;;
11;;;;;;
11;;credits_AUDIO_ENGINEERING;;;;
11;SPRING MEDIA STUDIO;;;;;
11;VOICE BEAR STUDIO;;;;;
11;REASON STUDIO;;;;;
11;;;;;;
11;;credits_AUDIO_QA;;;;
11;DONGHUI YANG;;;;;
11;TINGTING CHEN;;;;;
11;WENJING QIN;;;;;
11;;;;;;
11;;credits_CAST;;;;
11;;;;;;
11;;credits_GERALT;;;;
11;HAOTIAN CHEN;;;;;
11;;;;;;
11;;credits_YENNEFER;;;;
11;HAITIAN HONG;;;;;
11;;;;;;
11;;credits_CIRI;;;;
11;ANQI ZHANG / NIANCI SHEN;;;;;
11;;;;;;
11;;credits_TRISS;;;;
11;YING XIE;;;;;
11;;;;;;
11;;credits_KEIRA;;;;
11;QI ZHANG;;;;;
11;;;;;;
11;;credits_BARON;;;;
11;BO PENG;;;;;
11;;;;;;
11;;credits_LAMBERT;;;;
11;ZHAOKUN LIU;;;;;
11;;;;;;
11;;credits_DIJKSTRA;;;;
11;BEICHEN LIU;;;;;
11;;;;;;
11;;credits_DANDELION;;;;
11;KE JIANG;;;;;
11;;;;;;
11;;credits_ZOLTAN_CHIVAY;;;;
11;GUOQING YUAN;;;;;
11;;;;;;
11;;credits_CERYS_AN_CRAITE;;;;
11;XUETING MU;;;;;
11;;;;;;
11;;credits_HJALMAR_AN_CRAITE;;;;
11;YAO LIU;;;;;
11;;;;;;
11;;credits_AVALLACH;;;;
11;HAI FAN;;;;;
11;;;;;;
11;;credits_ESKEL;;;;
11;QIU JIA;;;;;
11;;;;;;
11;;credits_CRACH_AN_CRAITE;;;;
11;GUOQING YUAN;;;;;
11;;;;;;
11;;credits_ERMION;;;;
11;CHONG FU;;;;;
11;;;;;;
11;;credits_VESEMIR;;;;
11;YUZHU CHENG;;;;;
11;;;;;;
11;;credits_PRISCILLA;;;;
11;LI JIANG;;;;;
11;;;;;;
11;;credits_EMHYR_VAR_EMREIS;;;;
11;CHUANYING LI;;;;;
11;;;;;;
11;;credits_SHANI;;;;
11;YU CHEN;;;;;
11;;;;;;
11;;credits_OLGIERD;;;;
11;SHENGZHANG DONG;;;;;
11;;;;;;
11;;credits_MIRROR;;;;
11;YIJIA LIU;;;;;
11;;;;;;
11;;credits_VLOD;;;;
11;XIN ZHANG;;;;;
11;;;;;;
11;;credits_IRIS;;;;
11;XUE LIU;;;;;
11;;;;;;
11;;credits_VIVALDI;;;;
11;HAIJIA DAI;;;;;
11;;;;;;
11;;credits_HORST;;;;
11;QIU JIA;;;;;
11;;;;;;
11;;credits_EWALD;;;;
11;ZHAOKUN LIU;;;;;
11;;;;;;
11;;credits_ANNAHENRIETTA;;;;
11;CHURONG FAN;;;;;
11;;;;;;
11;;credits_SYANNA;;;;
11;CHENGYING XIE;;;;;
11;;;;;;
11;;credits_REGIS;;;;
11;ZONGZE XU;;;;;
11;;;;;;
11;;credits_DAMIEN;;;;
11;BEICHEN LIU;;;;;
11;;;;;;
11;;credits_DETTLAFF;;;;
11;BO PENG;;;;;
11;;;;;;
11;;;;;;
11;;;;;;
11;;credits_LOCALIZATION_QA;;;;
11;;;;;;
11;;;;;;
11;LIONBRIDGE GAMING;;;;;
11;;;;;;
11;;;;;;
11;;credits_BUSINESS_DEVELOPMENT;;;;
11;BŁAZEJ ZAWADZKI;;;;;
11;;;;;;
11;;CRE_LQA_TEST_DIRECTOR;;;;
11;DAMIAN DOMACH;;;;;
11;;;;;;
11;;CRE_SENIOR_TEST_MANAGER;;;;
11;GRZEGORZ BŁONSKI;;;;;
11;;;;;;
11;;CRE_SENIOR_TEST_MANAGER;;;;
11;JEAN-BAPTISTE BRUTELLE;;;;;
11;;;;;;
11;;CRE_TEST_MANAGER;;;;
11;GUILLERMO ÁLVAREZ LLORET;;;;;
11;;;;;;
11;;CRE_SENIOR_TEST_LEAD;;;;
11;JÉRÉMIE DION;;;;;
11;;;;;;
11;;CRE_SENIOR_TEST_LEAD;;;;
11;PIOTR POLIKARSKI;;;;;
11;;;;;;
11;;CRE_SENIOR_TEST_LEAD;;;;
11;LORD ZHAO;;;;;
11;;;;;;
11;;credits_ARABIC;;;;
11;ABDALLA KOLAIB;;;;;
11;;;;;;
11;;credits_BRAZILIAN_PORTUGUESE;;;;
11;JONAS TIAGO DE LARA RAMOS;;;;;
11;JOÃO SERRANO DO NASCIMENTO;;;;;
11;;;;;;
11;;credits_CASTILIAN_SPANISH;;;;
11;MARÍA FERNÁNDEZ;;;;;
11;LUIS BERNABEU CANTÓ;;;;;
11;;;;;;
11;;credits_SIMPLIFIED_CHINESE;;;;
11;XIAOHUI GUO;;;;;
11;LINGRAN WEI;;;;;
11;YU SU;;;;;
11;ZHIWEI ZHOU;;;;;
11;HAOWEI WANG;;;;;
11;;;;;;
11;;credits_CZECH;;;;
11;ROMANA HYNSTOVÁ;;;;;
11;JAKUB ZIMAN;;;;;
11;;;;;;
11;;credits_ENGLISH;;;;
11;ARISTEIDIS VRATOLIS;;;;;
11;WOJCIECH BOGACKI;;;;;
11;;;;;;
11;;credits_FRENCH;;;;
11;JULIEN LORENTE;;;;;
11;ROMAIN CADOZ;;;;;
11;;;;;;
11;;credits_GERMAN;;;;
11;JACQUELINE RUSSE;;;;;
11;ALEXANDER STEINDORFER;;;;;
11;;;;;;
11;;credits_HUNGARIAN;;;;
11;ANDRAS PETER;;;;;
11;KRISZTIÁN VASAS;;;;;
11;;;;;;
11;;credits_ITALIAN;;;;
11;CAMILLA MILIACCA;;;;;
11;MARCO PAPARELLA;;;;;
11;;;;;;
11;;credits_JAPANESE;;;;
11;YUYA ZAITSU;;;;;
11;KOKORO SUZUKI;;;;;
11;;;;;;
11;;credits_KOREAN;;;;
11;MIJIN LEE;;;;;
11;SEOHEE KIM;;;;;
11;;;;;;
11;;credits_LATAM_SPANISH;;;;
11;MILTON CUELLAR;;;;;
11;ALBERTO SOLÓRZANO;;;;;
11;;;;;;
11;;credits_POLISH;;;;
11;ALEKSANDER BERLING;;;;;
11;IDA WYTRYKOWSKA;;;;;
11;;;;;;
11;;credits_RUSSIAN;;;;
11;KSENIIA SHURDUMOVA;;;;;
11;VOLODYMYR BOTVIN;;;;;
11;;;;;;
11;;credits_TRADITIONAL_CHINESE;;;;
11;TENG LAI;;;;;
11;CRYSTAL LIU REEDER;;;;;
11;;;;;;
11;;credits_TURKISH;;;;
11;FURKAN ERASLAN;;;;;
11;TUGAY ÜNSAL;;;;;
11;;;;;;
11;;;;;;
11;;;;;;
11;;credits_MODDERS;;;;
11;;;;;;
11;;;;;;
11;;credits_THANK_YOU_MODDERS;;;;
11;;;;;;
11;;credits_THE_WITCHER_3_HD_REWORKED;;;;
11;BARTOSZ 'HALKHOGANPL' CZŁONKA;;;;;
11;;;;;;
11;;credits_HD_MONSTERS_REWORKED;;;;
11;MARCO 'DENROTH' SIMONICCA;;;;;
11;;;;;;
11;;credits_WORLD_MAP_FIXES;;;;
11;MARCO 'TERG500' GITZELMANN;;;;;
11;;;;;;
11;;credits_NITPICKERS_PATCH;;;;
11;CHARLES 'CHUCKCASH' CASH;;;;;
11;;;;;;
11;;credits_IMMERSIVE_REALTIME_CUSTSCENES;;;;
11;TRUNG 'TEIJI' NGUYEN;;;;;
11;;;;;;
11;;credits_FCR3_IMMERSION_AND_GAMEPLAY_TWEAKS;;;;
11;ANDRZEJ 'FLASH' KWIATKOWSKI;;;;;
11;;;;;;
11;;MOD_next_gen_script_fixes;;;;
11;SERHII 'SERGEANUR' ANURIEIEV;;;;;
11;;;;;;
11;;;;;;
11;;;;;;
11;;CRE_SPECIAL_THANKS;;;;
11;;;;;;
11;;;;;;
11;TOMASZ TINC;;;;;
11;HOLLIE BENNETT;;;;;
11;MARIKO KUSHIBIKI;;;;;
11;EDWARD YANG;;;;;
11;MARTA RACZYŃSKA;;;;;
11;MACIEJ WOJTACHNIA;;;;;
11;KRZYSZTOF KRZYŚCIN;;;;;
11;CHRISTINE FARMER;;;;;
11;RAFAŁ JAKI;;;;;
11;RAFAŁ KŁOCZKO;;;;;
11;KAMIL REDESTOWICZ;;;;;
11;JASON SLAMA;;;;;
11;KRZYSZTOF NOSEK;;;;;
11;MICHAŁ WITANOWSKI;;;;;
11;PAWEŁ PANASIUK;;;;;
11;KRZYSZTOF LIPKA;;;;;
11;PIOTR MALINOWSKI;;;;;
11;MICHAŁ JANCZEWSKI;;;;;
11;MATEUSZ GREINER;;;;;
11;STEPHANIE BAYER;;;;;
11;EKATERINA BAUKOVA;;;;;
11;KEVIN LEAB THONG;;;;;
11;RAFAŁ OBRĘBSKI;;;;;
11;;;;;;
11;;credits_DIVJAK;;;;
